{
"apiVersion": "V2",
"assemblies": [
{
  "files": [
    {
      "filePath": "assembly_data_report.jsonl",
      "fileType": "DATA_REPORT"
    }
  ]
},{
  "accession": "GCA_014217725.1",
  "files": [
    {
      "filePath": "GCA_014217725.1/GCA_014217725.1_ASM1421772v1_genomic.fna",
      "fileType": "GENOMIC_NUCLEOTIDE_FASTA"
    },
    {
      "filePath": "GCA_014217725.1/genomic.gff",
      "fileType": "GFF3"
    },
    {
      "filePath": "GCA_014217725.1/cds_from_genomic.fna",
      "fileType": "CDS_NUCLEOTIDE_FASTA"
    },
    {
      "filePath": "GCA_014217725.1/protein.faa",
      "fileType": "PROTEIN_FASTA"
    },
    {
      "filePath": "GCA_014217725.1/sequence_report.jsonl",
      "fileType": "SEQUENCE_REPORT"
    }
  ]
}]}
