{
"apiVersion": "V2",
"assemblies": [
{
  "files": [
    {
      "filePath": "assembly_data_report.jsonl",
      "fileType": "DATA_REPORT"
    }
  ]
},{
  "accession": "GCF_000002545.3",
  "files": [
    {
      "filePath": "GCF_000002545.3/GCF_000002545.3_ASM254v2_genomic.fna",
      "fileType": "GENOMIC_NUCLEOTIDE_FASTA"
    },
    {
      "filePath": "GCF_000002545.3/genomic.gff",
      "fileType": "GFF3"
    },
    {
      "filePath": "GCF_000002545.3/rna.fna",
      "fileType": "RNA_NUCLEOTIDE_FASTA"
    },
    {
      "filePath": "GCF_000002545.3/cds_from_genomic.fna",
      "fileType": "CDS_NUCLEOTIDE_FASTA"
    },
    {
      "filePath": "GCF_000002545.3/protein.faa",
      "fileType": "PROTEIN_FASTA"
    },
    {
      "filePath": "GCF_000002545.3/sequence_report.jsonl",
      "fileType": "SEQUENCE_REPORT"
    }
  ]
}]}
