"","gene","baseMean","log2FC","stderror","padj","gene_id_bg2"
"1","CAGL0A00341g",269.112198921792,1.26120992782325,0.316601823955313,0.000353985162166353,"GWK60_A00231"
"2","CAGL0A00429g",4111.79678651023,1.95880650805294,0.315710417196541,7.74052052562652e-09,"GWK60_A00319"
"3","CAGL0A00451g",5965.39308531247,1.49368073894766,0.165636337420639,1.1856646315659e-17,"GWK60_A00341"
"4","CAGL0A01089g",13696.7847416658,4.47723467781301,0.210367722571556,8.1857315630408e-97,"GWK60_A00979"
"5","CAGL0A01826g",565.356722545206,2.66569141039346,0.764635975911942,0.00208007034967599,"GWK60_A01639"
"6","CAGL0A01870g",749.495912005287,1.13817786099577,0.203124447841148,2.25372012962598e-07,"GWK60_A01683"
"7","CAGL0A02145g",210.163474578575,1.51719243462532,0.308934096667917,7.08564343720763e-06,"GWK60_A01969"
"8","CAGL0A03905g",855.447273492433,2.26785182397498,0.271918218094918,2.92343064550676e-15,"GWK60_A03795"
"9","CAGL0A04477g",2410.4341806872,1.21188783680164,0.153899025029022,1.03114886028306e-13,"GWK60_A04367"
"10","CAGL0B00946g",18145.2997603536,1.44107002715248,0.166235227865705,2.14210517531206e-16,"GWK60_B00781"
"11","CAGL0B01012g",256.526457353357,1.2863396578675,0.361425580858295,0.00162855826485519,"GWK60_B00847"
"12","CAGL0B01078g",407.759446508762,1.82033576577675,0.239381859355278,7.83481032236965e-13,"GWK60_B00891"
"13","CAGL0B01727g",236.808886667719,1.21334657668737,0.265603792051865,3.34955940117391e-05,"GWK60_B01551"
"14","CAGL0B01925g",2031.1698009506,1.02915375994595,0.179076631476315,1.03822672358737e-07,"GWK60_B01771"
"15","CAGL0B02211g",1501.76967502501,1.2893751863092,0.197262452016506,9.95529974639439e-10,"GWK60_B02057"
"16","CAGL0B02233g",1130.98774803203,1.29427360865398,0.190073458028252,1.78489901535092e-10,"GWK60_B02079"
"17","CAGL0B02739g",1384.64170583225,1.42625187315743,0.199734354206275,2.01165687290283e-11,"GWK60_B02585"
"18","CAGL0B02755g",6778.49098873008,2.36458375460973,0.148543787925032,3.93873128048299e-54,"GWK60_B02607"
"19","CAGL0B02772g",1030.20503200049,1.04581016140163,0.205074180869584,2.877185185804e-06,"GWK60_B02651"
"20","CAGL0B02838g",5395.09321305612,2.98464776158519,0.348826561458129,5.16534424109938e-16,"GWK60_B02717"
"21","CAGL0B03465g",298.281802846598,1.5632637185394,0.344316198837765,3.76128783967128e-05,"GWK60_B03289"
"22","CAGL0B03619g",14997.9659093979,1.86525137353573,0.26113548250861,1.99128116011758e-11,"GWK60_B03465"
"23","CAGL0B03663g",5102.43314469307,2.2892392795991,0.29715430779316,3.73335148695344e-13,"GWK60_B03509"
"24","CAGL0B03839g",432.652831026158,1.28585128682957,0.280014792071857,3.00937990516089e-05,"GWK60_B03663"
"25","CAGL0C00319g",9571.2218987023,1.78268687609685,0.154302714077313,1.18708010644785e-28,"GWK60_C00143"
"26","CAGL0C01375g",8088.35439275263,1.93859279050792,0.187805847335846,6.21351456933677e-23,"GWK60_C00957"
"27","CAGL0C01771g",728.56336062652,1.16294149736714,0.371647757786405,0.00618911490840629,"GWK60_C01375"
"28","CAGL0C02233g",5018.47802853642,1.47139906284708,0.260341307226539,1.74297670669506e-07,"GWK60_C01837"
"29","CAGL0C02321g",660.554207031051,1.94517899599849,0.346734588675184,2.17356561964806e-07,"GWK60_C01925"
"30","CAGL0C02365g",280.733381194795,1.17092451282909,0.389591760374981,0.00880133481103348,"GWK60_C01969"
"31","CAGL0C03113g",6093.25247434005,1.13408313964273,0.206367405879838,3.96512436507887e-07,"GWK60_C02717"
"32","CAGL0C03245g",2688.82329303059,1.19185789073782,0.218624688301661,5.00741373650372e-07,"GWK60_C02849"
"33","CAGL0C03509g",1680.4522778014,1.47053141402842,0.198142375617947,2.82589523526816e-12,"GWK60_C03113"
"34","CAGL0C03872g",1261.86756334425,1.26278993233122,0.292635999057351,9.59329095978456e-05,"GWK60_C03487"
"35","CAGL0C04191g",2247.57819058774,1.20701940539967,0.214619961815309,2.01321106838096e-07,"GWK60_C03729"
"36","CAGL0C04323g",555.860659726859,1.429614108694,0.263339837202128,5.62461202874242e-07,"GWK60_C03861"
"37","CAGL0C04763g",1791.73415532737,2.3584642061061,0.190477069896372,7.80885170166007e-33,"GWK60_C04257"
"38","CAGL0C04873g",5329.17982650345,1.40225266191341,0.183744148692584,6.45072626121452e-13,"GWK60_C04367"
"39","CAGL0C05027g",5750.43413658542,1.94038271111906,0.29576920365373,8.60666404792931e-10,"GWK60_C04543"
"40","CAGL0C05533g",2172.3880944694,2.05583366773611,0.174175158754477,7.22989314628478e-30,"GWK60_C05049"
"41","CAGL0C05555g",1466.2959042245,1.03315122192206,0.189775905868789,5.19347243321269e-07,"GWK60_C05071"
"42","CAGL0D00154g",87.5013751475565,1.61253848192188,0.48808595920745,0.00371011077217934,"GWK60_I00033"
"43","CAGL0D00946g",337.324823597306,1.63236145954641,0.244018156651419,3.79983977555448e-10,"GWK60_D01067"
"44","CAGL0D01100g",3846.81594634857,1.07735224481775,0.209807145659288,2.43946328975672e-06,"GWK60_D01199"
"45","CAGL0D01474g",1250.45372495593,3.10625758576791,0.304339166835535,1.93261495844812e-22,"GWK60_D01595"
"46","CAGL0D02662g",95.0943572197373,1.06821234947868,0.369322193629518,0.0118814297778341,"GWK60_D02827"
"47","CAGL0D04114g",6427.09805424676,1.02856326427192,0.244716812229553,0.000150817255845337,"GWK60_D04279"
"48","CAGL0D04136g",3956.26154244717,1.03270557604246,0.197629133082173,1.57250909545931e-06,"GWK60_D04301"
"49","CAGL0D05082g",29089.2456629071,1.26226871363727,0.315616998007747,0.000336088320513242,"GWK60_D05269"
"50","CAGL0D05324g",2211.49248458544,1.18982764502347,0.183560760425167,1.4035059651185e-09,"GWK60_D05533"
"51","CAGL0D05918g",10409.45470071,1.22403460926483,0.217138495063698,1.87777025965072e-07,"GWK60_D06083"
"52","CAGL0D05940g",14621.810460759,3.22348235511827,0.200056160431669,2.07371353433823e-55,"GWK60_D06105"
"53","CAGL0D06402g",5299.77308203469,1.31660785243686,0.185682029454846,2.79572298915424e-11,"GWK60_D06589"
"54","CAGL0D06512g",406.604459242125,1.42298038597485,0.19025297814373,1.8875135019884e-12,"GWK60_D06699"
"55","CAGL0E00187g",2017.04011887773,1.94162311419236,0.237982756180547,1.21120061819319e-14,"GWK60_E00033"
"56","CAGL0E00803g",1420.25946217559,1.49187787489566,0.229312287757175,1.21593309157193e-09,"GWK60_E00583"
"57","CAGL0E01243g",201.893288841332,1.35689806830975,0.411873471561543,0.00382977255959796,"GWK60_E01023"
"58","CAGL0E01639g",3378.17322791785,1.16012910290557,0.155507027197605,2.13933593692412e-12,"GWK60_E01419"
"59","CAGL0E01771g",6615.11662264364,1.93256985057027,0.157326941905705,2.51892260588828e-32,"GWK60_E01551"
"60","CAGL0E01793g",15048.725091459,1.31463625445579,0.269890644201858,8.60451392617155e-06,"GWK60_E01573"
"61","CAGL0E02409g",1237.04227948904,1.30823481695054,0.198527313209278,7.14003734798463e-10,"GWK60_E02211"
"62","CAGL0E02651g",536.187366317869,1.2097318390445,0.315719996569897,0.000619213010507523,"GWK60_E02431"
"63","CAGL0E03025g",5865.8726937396,1.7134052394946,0.191036481334479,1.78328162477926e-17,"GWK60_E02805"
"64","CAGL0E03498g",1544.66902780825,1.26778936809131,0.20892639264976,1.70046672090543e-08,"GWK60_E03223"
"65","CAGL0E03652g",990.970998535369,1.21524985122282,0.297097887172785,0.000238200288013847,"GWK60_E03377"
"66","CAGL0E04004g",1811.30645419176,1.96117033131113,0.213132150149968,2.41694117297187e-18,"GWK60_E03707"
"67","CAGL0E04334g",13402.669425802,1.73307222805749,0.207722652506136,2.89566964418343e-15,"GWK60_E04015"
"68","CAGL0E05148g",5747.98533441889,1.68924810620286,0.312099293891653,6.11135008273971e-07,"GWK60_E04851"
"69","CAGL0E05984g",531.882602641201,3.64095285792887,0.261063719986265,1.65166142680055e-41,"GWK60_E05621"
"70","CAGL0F00275g",3410.82487198399,1.02303339894321,0.166612513528063,1.12730747488949e-08,"GWK60_F00143"
"71","CAGL0F01397g",4303.13521114211,1.03787785320011,0.1444020284856,1.4560987259981e-11,"GWK60_F01177"
"72","CAGL0F01793g",28971.7324898397,2.07151808917372,0.181886057924006,7.41312101098918e-28,"GWK60_F01551"
"73","CAGL0F01815g",1337.67050222254,1.30584143683516,0.344698414306092,0.000722299809979882,"GWK60_F01573"
"74","CAGL0F02013g",4473.6453693041,1.41388990867111,0.189151281061532,1.93997599911768e-12,"GWK60_F01771"
"75","CAGL0F02585g",293.665005445265,1.22353570139413,0.212380359999188,9.57532170611215e-08,"GWK60_F02321"
"76","CAGL0F03641g",3333.21759813795,3.07151732537357,0.583778156211809,1.31524147589689e-06,"GWK60_F03333"
"77","CAGL0F04191g",1556.40983378404,1.37432866917219,0.202985132423251,2.29310885100622e-10,"GWK60_F03817"
"78","CAGL0F04741g",7627.7836020144,1.55477197203066,0.181151724485811,4.23874621394477e-16,"GWK60_F04345"
"79","CAGL0F04829g",6691.5003884878,1.32318089953946,0.216489517261294,1.31355858810709e-08,"GWK60_F04433"
"80","CAGL0F04851g",1626.59207575218,1.37874795926441,0.249166706802229,3.25460551297207e-07,"GWK60_F04455"
"81","CAGL0F06941g",7590.42055076621,1.19934847496209,0.176785487206114,2.10956494940125e-10,"GWK60_F06523"
"82","CAGL0F07029g",3231.29719049887,2.6162133760335,0.572230274261785,3.29989920950758e-05,"GWK60_F06611"
"83","CAGL0F07513g",580.194213425971,1.22296452169163,0.234010902492299,1.57001741736716e-06,"GWK60_F07051"
"84","CAGL0F07777g",1327.34380760171,1.06112340111368,0.237408888238293,5.01015793972506e-05,"GWK60_F07315"
"85","CAGL0F07799g",2171.34575671049,1.0035023780505,0.177916052688653,1.85124361340934e-07,"GWK60_F07337"
"86","CAGL0F07975g",1099.50576492072,2.06068053935729,0.191730901748789,7.23588196243233e-25,"GWK60_F07513"
"87","CAGL0F08085g",3446.36381273027,1.41056557478935,0.158836810641721,3.74060469859856e-17,"GWK60_F07623"
"88","CAGL0F08745g",95105.799458382,2.44461645819988,0.275199455105905,3.69983698916454e-17,"GWK60_F08283"
"89","CAGL0F08965g",6842.34150522378,1.60299457383781,0.193866048455537,5.10302415394311e-15,"GWK60_F08459"
"90","CAGL0G00242g",2328.3991046242,1.14295483882256,0.167698758457592,1.71594500799032e-10,"GWK60_G00121"
"91","CAGL0G00550g",3647.88524942095,1.5697443447787,0.184827963833752,8.76555383917664e-16,"GWK60_G00451"
"92","CAGL0G00594g",10509.7019140603,1.41879495055842,0.155306906861906,4.40724218585931e-18,"GWK60_G00473"
"93","CAGL0G00858g",2568.46636433106,1.23499232924571,0.184385903945634,3.60096685148098e-10,"GWK60_G00715"
"94","CAGL0G01100g",1762.6601454669,1.05970822863525,0.192398002467,3.71003238136442e-07,"GWK60_G00957"
"95","CAGL0G01342g",1481.70850921937,1.21144332822508,0.208334965284064,7.08034148824442e-08,"GWK60_G01199"
"96","CAGL0G01903g",887.318827999282,1.32442754759755,0.234018851374505,1.67038387357895e-07,"GWK60_G01771"
"97","CAGL0G02145g",522.144636620134,1.374626600567,0.237272723135973,8.00923427221093e-08,"GWK60_G02013"
"98","CAGL0G02563g",106.576627047946,2.31039209743816,0.994880977006667,0.0478085273463315,"GWK60_G02431"
"99","CAGL0G02717g",84.8793795421835,1.40817333245345,0.350355426648528,0.0003135654419961,"GWK60_G02585"
"100","CAGL0G02739g",74.91401847836,1.23885348993007,0.426091603831143,0.0114282275275594,"GWK60_G02607"
"101","CAGL0G03245g",6450.28857830251,1.1431178916163,0.190225319589566,2.38578686566819e-08,"GWK60_G03113"
"102","CAGL0G03883g",1237.5475203576,1.18929786995354,0.233846172414647,3.07978265410594e-06,"GWK60_G03729"
"103","CAGL0G04499g",1925.16361408418,2.47276712899129,0.332781821715976,2.66196686125324e-12,"GWK60_G04279"
"104","CAGL0G05269g",849.257147337104,1.41745314870247,0.360849553969065,0.00043825326689346,"GWK60_G05049"
"105","CAGL0G05335g",1317.81425533205,1.00753193340944,0.248531751756342,0.000274039856502087,"GWK60_G05137"
"106","CAGL0G05544g",1198.19258828291,2.05540099653154,0.301437548589807,1.69121468182839e-10,"GWK60_G05357"
"107","CAGL0G05720g",235.522707382129,1.15979602811173,0.233446591862671,5.45792413111706e-06,"GWK60_G05533"
"108","CAGL0G06006g",5198.15494832153,1.48803401973881,0.175534298617518,9.95755859567065e-16,"GWK60_G05819"
"109","CAGL0G06094g",2463.5972024711,1.01471935493368,0.201848521467018,4.10596883454376e-06,"GWK60_G05907"
"110","CAGL0G06358g",6655.75831174261,1.13026084360633,0.162691047948866,7.33924405208955e-11,"GWK60_G06149"
"111","CAGL0G06622g",981.692442618726,1.15526772314633,0.202977840495654,1.40009895323763e-07,"GWK60_G06369"
"112","CAGL0G06798g",203.833954923651,1.23354168803816,0.478386792605954,0.02678510149037,"GWK60_G06523"
"113","CAGL0G06842g",13253.9231842623,1.0859340662316,0.253754948902571,0.000110701378228864,"GWK60_G06567"
"114","CAGL0G07601g",6918.76006834015,1.41432638436974,0.182784488740131,2.96419052238332e-13,"GWK60_G07315"
"115","CAGL0G07689g",9989.349697354,1.83172474849775,0.189163254337098,3.1740042390959e-20,"GWK60_G07403"
"116","CAGL0G08338g",2439.71273244953,1.42318980954947,0.177139813927157,3.14158482142656e-14,"GWK60_G08085"
"117","CAGL0G09020g",1301.67356345043,1.1666221505038,0.229797394247326,3.21961334099484e-06,"GWK60_G08701"
"118","CAGL0G09064g",1503.50930126761,2.42376898783176,0.240654168926359,7.38676932926132e-22,"GWK60_G08745"
"119","CAGL0G09449g",9703.3064665061,1.80922335599694,0.174556818452788,4.08450268214726e-23,"GWK60_G09163"
"120","CAGL0H00737g",6616.50398294865,1.25258649421059,0.188019743639185,4.52274817127089e-10,"GWK60_H00539"
"121","CAGL0H00759g",100.860145863361,1.07392744231901,0.365476246336556,0.0105856365700768,"GWK60_H00561"
"122","CAGL0H01309g",2876.8207950935,1.00642653091611,0.232667056126678,9.19650359071205e-05,"GWK60_H01089"
"123","CAGL0H02101g",977.584601042886,2.24001910745552,0.377697857412082,3.71892360033547e-08,"GWK60_H01881"
"124","CAGL0H02387g",2630.11616675834,1.2824248411112,0.228932943187706,2.26497398599264e-07,"GWK60_H02167"
"125","CAGL0H02541g",485.207353901544,1.0826126263596,0.233457950163609,2.47498306979801e-05,"GWK60_H02343"
"126","CAGL0H02563g",324.626614973269,2.0798233185297,0.249331258581506,2.91173605176232e-15,"GWK60_H02365"
"127","CAGL0H02893g",1533.26606330446,1.07586449114024,0.209797376234453,2.51297734770394e-06,"GWK60_H02695"
"128","CAGL0H03289g",2367.80891330931,1.1463029268602,0.206130552521568,2.83798653415515e-07,"GWK60_H03091"
"129","CAGL0H03311g",243.699099407682,1.37299559145734,0.258616972753745,1.03921935029898e-06,"GWK60_H03113"
"130","CAGL0H04653g",14154.4919181869,1.34806611909383,0.195171512923733,9.59901496879669e-11,"GWK60_H04543"
"131","CAGL0H04939g",496.358018768823,1.32882697139522,0.39267390286876,0.00289520110791297,"GWK60_H04851"
"132","CAGL0H05005g",3832.80304178585,1.22722483620432,0.165929829319977,3.36044491026402e-12,"GWK60_H04917"
"133","CAGL0H05621g",3059.4388490833,1.3907894267337,0.17318212531364,3.21068045961343e-14,"GWK60_H05533"
"134","CAGL0H05841g",1095.47150979391,1.06962642716122,0.179981268477131,3.47654650668136e-08,"GWK60_H05775"
"135","CAGL0H06545g",400.732399687341,1.46978967333097,0.294035122096396,4.69846699912006e-06,"GWK60_H06457"
"136","CAGL0H06633g",216.18597294401,1.79082415452541,0.398896853782512,4.60668764628048e-05,"GWK60_H06567"
"137","CAGL0H06721g",1910.12048114612,1.507956547272,0.17253824657919,1.16861195423298e-16,"GWK60_H06655"
"138","CAGL0H07359g",1592.36772224634,1.43817529343949,0.175708615540452,1.00972914501913e-14,"GWK60_H07337"
"139","CAGL0H07557g",3998.27652152663,1.06809354358763,0.203818276841552,1.45820968000564e-06,"GWK60_H07535"
"140","CAGL0H07667g",792.258214320491,1.01980994445794,0.197076434213035,2.00844105622855e-06,"GWK60_H07645"
"141","CAGL0H08261g",478.676061388889,2.39868592518916,0.205804823361953,4.00483192174136e-29,"GWK60_H08217"
"142","CAGL0H08844g",11708.3656470487,1.29662750493275,0.307235185196703,0.000140865130333052,"GWK60_H08811"
"143","CAGL0H09460g",398.599563717419,1.70785308901371,0.204200973242152,2.5170004157795e-15,"GWK60_H09427"
"144","CAGL0H10010g",724.13145105018,2.23182437580726,0.201419287579022,2.11086233949048e-26,"GWK60_H09955"
"145","CAGL0H10202g",7576.08672851246,1.03093343515422,0.180742894871407,1.30870548819924e-07,"GWK60_H10153"
"146","CAGL0H10208g",61.2242597122903,1.07508766860939,0.397491497150709,0.01942453781973,"GWK60_H10175"
"147","CAGL0I00220g",39.4314467419167,1.06422694018663,0.445226248898137,0.0413101592512872,"GWK60_L00033"
"148","CAGL0I00836g",1673.76196240528,1.12721971417843,0.194590993049142,8.02319691937753e-08,"GWK60_L00649"
"149","CAGL0I01012g",982.989914659207,1.42493252282185,0.189363670582017,1.38339533891085e-12,"GWK60_L00825"
"150","CAGL0I01276g",345.427347753215,1.32158468628346,0.406145118499956,0.0042913130753058,"GWK60_L01089"
"151","CAGL0I01298g",249.92862903986,1.81248114371897,0.331792533854352,4.72359015599333e-07,"GWK60_L01111"
"152","CAGL0I01320g",1073.80749096781,1.25414168404813,0.343063549998412,0.00116610577098863,"GWK60_L01133"
"153","CAGL0I02046g",673.165172709332,1.1824901539239,0.216421155839566,4.70269862164679e-07,"GWK60_L01837"
"154","CAGL0I02134g",917.41428225253,1.39531838102606,0.175124855580158,5.19319568875767e-14,"GWK60_L01925"
"155","CAGL0I02970g",7128.84412142804,1.11109837367298,0.15555634193054,1.99128116011758e-11,"GWK60_L02717"
"156","CAGL0I04554g",7169.94352079883,1.1344453231985,0.200273583399829,1.6260977862973e-07,"GWK60_L04301"
"157","CAGL0I04774g",3130.85463786075,1.13891631222024,0.169694064107332,3.30053492103726e-10,"GWK60_L04521"
"158","CAGL0I04972g",516.153665529348,1.35974352393396,0.241421792842393,1.92338794780884e-07,"GWK60_L04719"
"159","CAGL0I04994g",10135.8689419958,1.78684453699216,0.271729194190815,7.81308180163647e-10,"GWK60_L04741"
"160","CAGL0I05610g",1663.37376812914,2.60404952015488,0.279608761086811,9.13223035521108e-19,"GWK60_I01045"
"161","CAGL0I05830g",1985.70629072414,1.70150615607174,0.171347472136096,2.85333817120996e-21,"GWK60_I01265"
"162","CAGL0I05896g",1214.11489884614,1.0678791448398,0.235032144210785,3.70698429720983e-05,"GWK60_I01331"
"163","CAGL0I06072g",1940.47048825423,1.09419926947007,0.237023015695425,2.70687793598793e-05,"GWK60_I01529"
"164","CAGL0I06094g",1793.53087727626,1.16300618088354,0.22937913449752,3.31500826301462e-06,"GWK60_I01551"
"165","CAGL0I06402g",4061.61825005486,1.01003015796957,0.204823626725502,6.44221426616728e-06,"GWK60_I01859"
"166","CAGL0I07249g",494.655003230781,2.08914259842578,0.257005096052722,1.51778733927136e-14,"GWK60_I02739"
"167","CAGL0I08305g",2278.8242146594,1.42782314883757,0.356483942370722,0.000329514395027936,"GWK60_I03795"
"168","CAGL0I08591g",431.948004193595,1.87983086625289,0.293538755729297,2.28178307046068e-09,"GWK60_I04081"
"169","CAGL0I09482g",1217.8128175697,1.53225634917624,0.177066252347762,2.40240775516003e-16,"GWK60_I04983"
"170","CAGL0J00539g",5933.75264815793,1.59155764726282,0.159283441718941,1.59075588749508e-21,"GWK60_J00429"
"171","CAGL0J01870g",1368.81293346512,2.00496335165541,0.252007647313169,5.63157458695085e-14,"GWK60_J01727"
"172","CAGL0J02134g",1641.08694095587,1.12053004808869,0.163367880098936,1.31052682953149e-10,"GWK60_J01991"
"173","CAGL0J02530g",210.172811014914,3.22779365772659,0.296095633275346,1.38903412052651e-25,"GWK60_J02365"
"174","CAGL0J03080g",868.413481848534,1.92821090786441,0.28155233563443,1.39922052596334e-10,"GWK60_J02871"
"175","CAGL0J03432g",1847.15481772412,1.05003502386637,0.184647132287022,1.43433804555386e-07,"GWK60_J03245"
"176","CAGL0J03762g",1574.41563314056,1.56726493810667,0.20280385597547,3.16168373345169e-13,"GWK60_J03575"
"177","CAGL0J03916g",6169.67980090812,4.06168978287277,0.21727300365108,9.25369077014069e-75,"GWK60_J03729"
"178","CAGL0J04004g",326.803189656957,2.00274738767544,0.275157130324736,7.7125509621489e-12,"GWK60_J03817"
"179","CAGL0J04158g",10218.2766774969,3.07292949611994,0.173898578968474,8.80726856601327e-67,"GWK60_J03971"
"180","CAGL0J04180g",2972.25783032018,1.50028386814156,0.174453033948125,3.71808460887699e-16,"GWK60_J03993"
"181","CAGL0J04466g",5731.56773397115,1.28663553079378,0.151114358040073,7.35860874445886e-16,"GWK60_J04279"
"182","CAGL0J04884g",1067.97522291173,1.36080909874582,0.359825922030081,0.000737234911816234,"GWK60_J04697"
"183","CAGL0J05126g",3337.15046054956,1.60913816803636,0.208252601902987,3.17144398309285e-13,"GWK60_J04939"
"184","CAGL0J05830g",887.340141204636,1.843987193541,0.191889357323031,6.07434185284521e-20,"GWK60_J05621"
"185","CAGL0J06908g",1269.96306741102,1.56052998261161,0.206769502749214,1.18420856087213e-12,"GWK60_J06743"
"186","CAGL0J08316g",3832.8874835681,2.10680070499832,0.238288825980353,5.20119692089157e-17,"GWK60_J08173"
"187","CAGL0J08415g",9540.52804969449,1.64681827700483,0.199145881292375,5.10302415394311e-15,"GWK60_J08261"
"188","CAGL0J08437g",5390.76915171942,1.1470676693907,0.173818026493485,6.71678525991811e-10,"GWK60_J08283"
"189","CAGL0J09020g",1397.06509517536,1.06520365515228,0.233634925596174,3.48673276366294e-05,"GWK60_J08833"
"190","CAGL0J09416g",4546.23446100824,1.48517623156934,0.186582462448382,5.49032723433638e-14,"GWK60_J09229"
"191","CAGL0J10494g",476.818424611902,2.41290446183158,0.237659316192211,3.28998879136819e-22,"GWK60_J10307"
"192","CAGL0J10824g",2725.80655947948,1.2169504508765,0.168012308718857,9.92476490677939e-12,"GWK60_J10615"
"193","CAGL0J11176g",2229.14170939114,1.2462830664491,0.155236814711161,3.2557677056861e-14,"GWK60_J10967"
"194","CAGL0J11484g",1252.73874353036,1.23611334616351,0.245493055787056,3.94921311854994e-06,"GWK60_J11275"
"195","CAGL0J11506g",3595.33432893593,1.0010269652723,0.180702559383935,3.16103453691867e-07,"GWK60_J11297"
"196","CAGL0J11704g",1186.03959882842,1.39607296879033,0.191707710914832,7.53603839933843e-12,"GWK60_J11495"
"197","CAGL0K00231g",600.886845137187,1.02634863230712,0.198204008924528,1.98103775096479e-06,"GWK60_K00077"
"198","CAGL0K00715g",4809.34309024015,2.81903765954419,0.213014050207375,1.9952857251564e-37,"GWK60_K00561"
"199","CAGL0K00869g",728.832812593089,1.9214406991209,0.213185629742134,1.22407158152618e-17,"GWK60_K00715"
"200","CAGL0K00891g",1225.79334533361,1.47183905537762,0.212008767597024,7.57045585910418e-11,"GWK60_K00737"
"201","CAGL0K01903g",729.592014579619,1.39689442057374,0.230986048908621,1.9075429609494e-08,"GWK60_K01749"
"202","CAGL0K02651g",176.676657422796,1.38878430090254,0.305023766182432,3.58190663032591e-05,"GWK60_K02519"
"203","CAGL0K02761g",2509.04860365756,1.29513273967243,0.151246262777366,4.91207552367553e-16,"GWK60_K02629"
"204","CAGL0K03157g",442.08776949323,1.37181402732108,0.310923008553197,6.32777405046685e-05,"GWK60_K03003"
"205","CAGL0K03377g",4652.26107222702,1.19875958347944,0.142785937705992,1.96807525095736e-15,"GWK60_K03223"
"206","CAGL0K03421g",239.840626510856,1.54004999927049,0.385808640820561,0.000344168660322051,"GWK60_K03267"
"207","CAGL0K03459g",4610.15398100503,1.17108361923767,0.295090420379219,0.000374330165956694,"GWK60_K03311"
"208","CAGL0K03509g",8824.38487309379,1.52463366191179,0.250412898073147,1.50959278136367e-08,"GWK60_K03377"
"209","CAGL0K03553g",1128.45886903422,1.29244078395559,0.233609433702698,3.26553284148762e-07,"GWK60_K03421"
"210","CAGL0K03927g",3723.85703905661,1.48439659439114,0.154006919839242,4.66511895999564e-20,"GWK60_K03795"
"211","CAGL0K04037g",5173.13487738734,1.38847552144263,0.2175402263764,2.59372107562221e-09,"GWK60_K03905"
"212","CAGL0K04169g",7359.0836001491,1.30147105948969,0.208227864329354,5.82887677975254e-09,"GWK60_K04037"
"213","CAGL0K04279g",2731.53178984585,1.13597317062246,0.167104549730022,1.92435596208368e-10,"GWK60_K04147"
"214","CAGL0K04301g",59.4434907686172,1.45285647094631,0.38157137081579,0.000676841240736078,"GWK60_K04169"
"215","CAGL0K04367g",4337.89720893585,1.386576010589,0.312060141257151,5.58544646395947e-05,"GWK60_K04235"
"216","CAGL0K04433g",1871.85807621773,1.17318284651602,0.153888636084995,6.82389228606573e-13,"GWK60_K04301"
"217","CAGL0K04477g",35251.1643033992,1.3348460238257,0.211586543114532,4.05822208201071e-09,"GWK60_K04345"
"218","CAGL0K04609g",1481.49236134031,2.18624278957351,0.196017398503952,9.59362957859786e-27,"GWK60_K04477"
"219","CAGL0K04719g",2459.9224652873,2.05717586604371,0.155258496810062,1.73736286201183e-37,"GWK60_K04587"
"220","CAGL0K05247g",292.925111318951,1.23281711710906,0.277829661461729,5.70702001515472e-05,"GWK60_K05071"
"221","CAGL0K05291g",5449.49206651506,1.34145401845551,0.206844002003568,1.38064149039444e-09,"GWK60_K05115"
"222","CAGL0K05687g",409.495262084055,2.2539762050794,0.235024940801873,7.2028512738527e-20,"GWK60_K05533"
"223","CAGL0K06105g",976.709223598322,1.49353139935025,0.210482851360589,2.70622669120833e-11,"GWK60_K05951"
"224","CAGL0K06677g",513.058477849564,2.29044809305539,0.252290670666563,7.14962617900023e-18,"GWK60_K06523"
"225","CAGL0K07590g",1861.99237944266,1.15547279628923,0.230389332454263,4.34532062103749e-06,"GWK60_K07403"
"226","CAGL0K08272g",7013.64236544095,2.11257650614026,0.162015581230024,2.1521516445431e-36,"GWK60_K08085"
"227","CAGL0K08338g",1254.00569702268,2.37983293152848,0.27197626540326,1.07740568040795e-16,"GWK60_K08151"
"228","CAGL0K08668g",977.887548033338,3.13237275576976,0.224484236499674,1.65166142680055e-41,"GWK60_K08481"
"229","CAGL0K08734g",1054.96240133665,1.0528653750763,0.246039722663454,0.000110701378228864,"GWK60_K08547"
"230","CAGL0K08800g",902.483215733427,1.20003414004281,0.21749333877993,3.54050293636996e-07,"GWK60_K08613"
"231","CAGL0K08932g",123.602499945362,1.43217994825393,0.35789661846528,0.000333910872383924,"GWK60_K08745"
"232","CAGL0K10824g",661.959900226606,3.02949679404355,0.232138535553041,1.97826954622541e-36,"GWK60_K10571"
"233","CAGL0K11682g",1117.24336770747,1.0402807208914,0.196608894997742,1.13754449277587e-06,"GWK60_K11451"
"234","CAGL0K11946g",1484.16038313237,2.45500143923925,0.216295863843028,1.12244783880093e-27,"GWK60_K11715"
"235","CAGL0K12100g",3465.59849828303,1.3058146083737,0.223788335026691,6.31938446050667e-08,"GWK60_K11869"
"236","CAGL0K12760g",1114.93443202017,2.04690613966905,0.199759025664599,1.30187122794098e-22,"GWK60_K12507"
"237","CAGL0K12892g",4809.00057799601,1.96141861251163,0.146899800646026,4.80490367346331e-38,"GWK60_K12639"
"238","CAGL0L00473g",349.386694079419,1.40441759388165,0.232211969208305,1.90691553340414e-08,"GWK60_D00253"
"239","CAGL0L00561g",30.6296328404636,2.05953604582743,0.654314816534402,0.00587036216225381,"GWK60_D00341"
"240","CAGL0L00715g",1879.76700907697,1.18406714112995,0.188053173312908,4.36904080161906e-09,"GWK60_I00253"
"241","CAGL0L01177g",12784.6059787591,1.0299683190319,0.248515651679566,0.000191354297119637,"GWK60_L05049"
"242","CAGL0L01265g",497.2336537405,1.18790530792693,0.287449560219745,0.000201293908111333,"GWK60_L05137"
"243","CAGL0L01705g",1054.44110243871,1.02207561677159,0.210878747850994,9.65083546642441e-06,"GWK60_L05555"
"244","CAGL0L02101g",2944.16543980912,1.08217460102698,0.18478541281645,5.62490846132482e-08,"GWK60_L05995"
"245","CAGL0L02321g",591.874984408524,1.65995210937101,0.186317280904941,2.99002658000983e-17,"GWK60_L06215"
"246","CAGL0L02519g",661.480422345577,1.58445884674278,0.273712301689572,8.19709057823034e-08,"GWK60_L06413"
"247","CAGL0L02827g",1188.31713814525,1.60608312957525,0.176185860504343,5.21019270698218e-18,"GWK60_L12397"
"248","CAGL0L03135g",3643.17528078879,1.28596398963639,0.154795789131954,3.76413362943238e-15,"GWK60_L12089"
"249","CAGL0L03267g",2619.58453062478,1.29556799457396,0.322923209363515,0.00032200152632861,"GWK60_L11957"
"250","CAGL0L03377g",1433.72894484511,1.04448810573246,0.176661491959845,4.11737357847604e-08,"GWK60_L11847"
"251","CAGL0L03828g",1174.16755087811,2.98618044357465,0.306234053639308,1.65761481332637e-20,"GWK60_L11407"
"252","CAGL0L03938g",821.097126060533,1.2666004065858,0.206213123067374,1.11628121201033e-08,"GWK60_L11297"
"253","CAGL0L04598g",4633.77672649479,1.57162664321904,0.236324871082844,4.84911151297957e-10,"GWK60_L10615"
"254","CAGL0L04686g",157.93721194619,1.67851290398317,0.305746857024674,4.07585438718904e-07,"GWK60_L10527"
"255","CAGL0L05434g",1891.16655473467,1.66123045977792,0.204978508076288,1.84251511830119e-14,"GWK60_L09801"
"256","CAGL0L05720g",1420.69399612203,1.94453199799624,0.216189143157474,1.43016372882682e-17,"GWK60_L09493"
"257","CAGL0L05742g",1065.3266193186,1.19568753062867,0.174491067403197,1.36642674325494e-10,"GWK60_L09471"
"258","CAGL0L05984g",194.125753440471,2.88583946120847,0.306873809435122,4.17407404522784e-19,"GWK60_L09251"
"259","CAGL0L06028g",692.003103521167,1.03211561979031,0.280208602618751,0.00105510570461572,"GWK60_L09207"
"260","CAGL0L06072g",43.1089571146064,3.34549114091581,0.72672067020634,2.86009825511896e-05,"GWK60_L09163"
"261","CAGL0L06094g",3585.48136586325,3.30668958114374,0.174380998494254,8.72488501032023e-77,"GWK60_L09141"
"262","CAGL0L06292g",2203.55479060258,1.34276037971325,0.201141660622315,4.16146118732725e-10,"GWK60_L08943"
"263","CAGL0L06374g",386.369116159134,1.61613619674834,0.198029813828358,1.19587731109665e-14,"GWK60_L08855"
"264","CAGL0L06776g",1633.2615503698,3.15316671108645,0.210415054169507,5.71863152113187e-48,"GWK60_L08437"
"265","CAGL0L06864g",445.533292774124,1.18451746165421,0.261071559461721,3.80609748495601e-05,"GWK60_L08349"
"266","CAGL0L07744g",3722.82848633413,1.01888591729576,0.191845716419548,1.02997197140783e-06,"GWK60_L07491"
"267","CAGL0L07810g",4706.87118826575,1.0557103369057,0.156064784279475,2.38204650296558e-10,"GWK60_L07425"
"268","CAGL0L08426g",519.452266810063,2.39942974203177,0.288127371656186,3.22452035309049e-15,"GWK60_L06721"
"269","CAGL0L09108g",622.765333573244,1.01044138925573,0.227226087531138,5.52160179958313e-05,"GWK60_L13101"
"270","CAGL0L09251g",7091.56400988991,1.42534228766839,0.232957638090513,1.27469605541359e-08,"GWK60_L13255"
"271","CAGL0L09537g",46.8127002544279,1.01732602100161,0.410846327473533,0.0338868302314001,"GWK60_L13541"
"272","CAGL0L09999g",2213.88181997437,1.2286306888542,0.228741616110499,7.60021487013642e-07,"GWK60_L13981"
"273","CAGL0L10494g",1148.79903361175,1.1448271561459,0.160195727847042,1.95553219643125e-11,"GWK60_L14465"
"274","CAGL0L10714g",18468.8311947227,2.41873584344792,0.214100804404845,1.99497583051057e-27,"GWK60_L14685"
"275","CAGL0L11110g",1054.1065220046,1.3458623868149,0.176778268617424,7.3502059801418e-13,"GWK60_L15081"
"276","CAGL0L11902g",1021.45280762962,1.6015018827122,0.185923014942822,3.33814550025246e-16,"GWK60_L15873"
"277","CAGL0L12012g",1240.28055123258,1.21560487941704,0.321487889986877,0.000738523296190429,"GWK60_L15983"
"278","CAGL0L12562g",894.218660846852,1.3278275074989,0.192963323953709,1.13570395297005e-10,"GWK60_L16489"
"279","CAGL0M01452g",62.095135446195,1.58299667715848,0.441093706807406,0.00147561409703917,"GWK60_M01353"
"280","CAGL0M01628g",3500.00922362221,1.00430458923713,0.166375819224102,2.02329583265392e-08,"GWK60_M01529"
"281","CAGL0M01760g",14522.336543935,3.08001543260013,0.242289633953874,1.40838817800112e-34,"GWK60_M01661"
"282","CAGL0M02981g",651.485586227827,1.16655499410408,0.249572032609412,2.11622230000174e-05,"GWK60_M02849"
"283","CAGL0M03179g",2859.6507783754,1.10317688244266,0.166470395665643,5.66504632797201e-10,"GWK60_M03047"
"284","CAGL0M03839g",15069.5659364192,3.27801931241641,0.207536987342696,2.41360111540952e-53,"GWK60_M03751"
"285","CAGL0M04125g",2668.10755940442,2.32407058746829,0.199914678012217,5.4792486079543e-29,"GWK60_M04037"
"286","CAGL0M04191g",20233.5249034279,2.11330566990342,0.185285948871364,6.32797252967724e-28,"GWK60_M04103"
"287","CAGL0M04565g",854.02252153954,1.16680743425265,0.214044629038574,5.0081426348235e-07,"GWK60_M04477"
"288","CAGL0M04763g",3791.21278540641,1.18493418456078,0.282851908454536,0.000159764899679859,"GWK60_M04697"
"289","CAGL0M05049g",11429.9805067221,1.32917976840159,0.155026262033464,4.51161180307747e-16,"GWK60_M04983"
"290","CAGL0M05533g",2697.12386574784,1.29084591666586,0.215147384095487,2.51617691692979e-08,"GWK60_M05467"
"291","CAGL0M06347g",1644.2194571749,2.35938420223316,0.187834522032995,9.11762472510665e-34,"GWK60_M06303"
"292","CAGL0M06413g",1720.39829617254,1.17211050057641,0.191320561150522,1.2226232470524e-08,"GWK60_M06369"
"293","CAGL0M06435g",32.4104390949516,2.8243238018616,0.730859774780426,0.000552541776579329,"GWK60_M06391"
"294","CAGL0M06545g",2381.45678609024,1.17338252132815,0.15672895232799,1.80387939913162e-12,"GWK60_M06501"
"295","CAGL0M06963g",381.020242950751,1.85088670046946,0.275287878277055,3.07393881719709e-10,"GWK60_M06919"
"296","CAGL0M07381g",4166.41729360504,1.10083056748773,0.161396929571441,1.67423868716489e-10,"GWK60_M07359"
"297","CAGL0M07403g",1642.22418429311,2.46268371638307,0.203065822461831,1.64341453064855e-31,"GWK60_M07381"
"298","CAGL0M07612g",13253.8765042154,2.28949637307622,0.294664864295992,2.32795416247209e-13,"GWK60_M07601"
"299","CAGL0M07634g",2345.97958093074,2.34112894187987,0.312209905687481,1.65624272726548e-12,"GWK60_M07623"
"300","CAGL0M07656g",39823.6842042233,1.67674212110756,0.185772577149144,1.11647739666436e-17,"GWK60_M07645"
"301","CAGL0M08206g",10878.4080769031,1.61915919099395,0.15690247651847,6.25818874420208e-23,"GWK60_M08151"
"302","CAGL0M08822g",1350.01023444273,1.0381405979451,0.237274012113411,7.43092990731898e-05,"GWK60_M08767"
"303","CAGL0M09020g",598.309524093503,1.45882139156552,0.279775357583158,1.66463207599334e-06,"GWK60_M08965"
"304","CAGL0M10395g",576.778054561892,1.02753513777792,0.198516406076771,1.99716912670568e-06,"GWK60_M10373"
"305","CAGL0M10417g",407.093550357769,1.88264276725512,0.295450938250716,2.75341639547926e-09,"GWK60_M10395"
"306","CAGL0M11330g",825.157527834664,1.05114931604081,0.166943899133765,4.36904080161906e-09,"GWK60_M11253"
"307","CAGL0M11440g",220.445693277956,1.45798153214572,0.343684350570271,0.00012913406185069,"GWK60_M11363"
"308","CAGL0M11462g",5048.41948602652,1.58319584233789,0.177750377044301,3.02105163797795e-17,"GWK60_M11385"
"309","CAGL0M11902g",2894.37965950379,1.81442160094063,0.224163576410944,1.99027222037287e-14,"GWK60_M11847"
"310","CAGL0M12320g",7455.12534490194,1.86022264898151,0.160588829987339,8.59851202046063e-29,"GWK60_M12265"
"311","CAGL0M12474g",1953.85158450277,1.29824036844739,0.26447324642723,7.15723666431664e-06,"GWK60_M12397"
"312","CAGL0M12551g",1465.58232106141,2.45830562844581,0.220395932150468,9.59362957859786e-27,"GWK60_M12463"
"313","CAGL0M12969g",2917.58512876153,1.07450508124395,0.318065451539907,0.00295213722265193,"GWK60_M12881"
"314","CAGL0M13783g",3775.55052989956,1.06745335706442,0.181115922415211,4.57179714974161e-08,"GWK60_M13717"
