"","gene","baseMean","log2FC","stderror","padj","gene_id_cbs138"
"1","GWK60_A00341",6152.06768530472,1.16994098109774,0.130246299922815,4.96416998996474e-18,"CAGL0A00451g"
"2","GWK60_A00979",29811.4570208671,4.29034235292131,0.1277179484063,1.13668023923466e-243,"CAGL0A01089g"
"3","GWK60_A01683",1893.87901214202,1.50798426657473,0.154490299172467,4.37403646423894e-21,"CAGL0A01870g"
"4","GWK60_A01815",8182.73971236344,1.53160572195132,0.17349860300409,1.85682818656697e-17,"CAGL0A02002g"
"5","GWK60_A01969",284.730114568496,1.1994627266673,0.272578613650203,3.89172120653106e-05,"CAGL0A02145g"
"6","GWK60_A02145",32.9131651739723,1.46977521925361,0.571945015235093,0.0207326515729989,"CAGL0A02343g"
"7","GWK60_A02541",223.860802472854,1.01551323687164,0.341695999482612,0.00678350238326527,"CAGL0A02706g"
"8","GWK60_A03795",1524.26587713839,1.31259230908944,0.166086574622757,3.22254070915671e-14,"CAGL0A03905g"
"9","GWK60_A04367",3614.33485423575,1.15823699840579,0.1112726149096,7.87093300767925e-24,"CAGL0A04477g"
"10","GWK60_B00055",25.2486378131507,1.81600347702045,0.787803451317137,0.0396784292916994,"CAGL0B00220g"
"11","GWK60_B00297",14.5352508585042,1.90121829694112,0.84929434098301,0.0465420800495045,"CAGL0B00462g"
"12","GWK60_B00781",16482.6701241003,1.10091148837371,0.116700459737727,8.89679000750658e-20,"CAGL0B00946g"
"13","GWK60_B00847",533.666075127853,1.62966353556056,0.248461210159711,3.90461897952992e-10,"CAGL0B01012g"
"14","GWK60_B01705",65.5004546688726,1.11276781079109,0.383583454591801,0.00834921731064706,"CAGL0B01875g"
"15","GWK60_B01771",5165.30480418576,1.06216100497571,0.11712184083968,2.3315356877593e-18,"CAGL0B01925g"
"16","GWK60_B02079",1936.16432436636,1.02618524562696,0.106298941660781,1.19230376374814e-20,"CAGL0B02233g"
"17","GWK60_B02233",961.9509728557,1.10805224445453,0.156979792018971,1.4378502143149e-11,"CAGL0B02387g"
"18","GWK60_B02409",9781.55165950529,1.1343648744334,0.152651936886297,1.05993659104115e-12,"CAGL0B02563g"
"19","GWK60_B02497",12.3305531259074,3.38900392540204,0.859516233444389,0.000251131835631918,"CAGL0B02651g"
"20","GWK60_B02607",4474.44086072153,1.7252789435868,0.121317474250753,1.22171006540188e-43,"CAGL0B02755g"
"21","GWK60_B02717",7263.82312243798,3.04840023094005,0.134719014267204,1.72444498789749e-110,"CAGL0B02838g"
"22","GWK60_B03245",7780.22216982425,1.11067293212933,0.178203503641161,2.99373913094482e-09,"CAGL0B03421g"
"23","GWK60_B03509",2422.97096149916,2.59837580208566,0.170233938947025,3.18202266874483e-50,"CAGL0B03663g"
"24","GWK60_B03641",5927.05389124422,1.242451154848,0.134990816897863,7.1935209142979e-19,"CAGL0B03817g"
"25","GWK60_B03663",474.069901757129,1.18034500249482,0.176037060540538,1.52457890488207e-10,"CAGL0B03839g"
"26","GWK60_B03751",44.8965777990677,1.62666748944383,0.414004885271481,0.000263908781834025,"CAGL0B03899g"
"27","GWK60_C00011",28.3774201670257,2.39036926205545,0.722933727662783,0.00240974512653955,"CAGL0C00110g"
"28","GWK60_C00033",277.083587754935,1.55548990464593,0.227461064288481,6.2896811272142e-11,"CAGL0C00209g"
"29","GWK60_C00143",22070.6859327663,1.45335656024167,0.126370572613268,8.77511937317364e-29,"CAGL0C00319g"
"30","GWK60_C00957",14342.446623231,1.5329951712835,0.179326904352164,1.85774623225821e-16,"CAGL0C01375g"
"31","GWK60_C01441",1962.99203832832,1.8889249699859,0.147942560291133,2.75677969741141e-35,"CAGL0C01837g"
"32","GWK60_C02849",3095.77667800293,1.01985920878659,0.169571347845059,1.09928945008687e-08,"CAGL0C03245g"
"33","GWK60_C03047",16161.61801189,1.63556561560386,0.12081018629956,1.43016182643535e-39,"CAGL0C03443g"
"34","GWK60_C03487",19963.8246831044,3.38420399676419,0.172384603756911,4.33810457282286e-83,"CAGL0C03872g"
"35","GWK60_C03729",13658.60737677,1.04187514306559,0.108234473404718,1.53903307778026e-20,"CAGL0C04191g"
"36","GWK60_C03861",1166.05161215328,1.07448847062912,0.206694028672779,9.54457893456706e-07,"CAGL0C04323g"
"37","GWK60_C04257",3874.5713412018,1.91830670817125,0.126051951559358,6.0772589863717e-50,"CAGL0C04763g"
"38","GWK60_C04367",6434.57918444339,1.29698738818344,0.154004177161746,5.26018649853369e-16,"CAGL0C04873g"
"39","GWK60_C04543",5490.99520250777,1.33083877745217,0.115773054233683,9.23547704061741e-29,"CAGL0C05027g"
"40","GWK60_C04785",3539.97332851593,1.00255328036502,0.114800785558789,4.1084071882227e-17,"CAGL0C05269g"
"41","GWK60_C04983",8.87777194592715,3.37288714417503,1.17912869610737,0.0094168681316417,"CAGL0C05467g"
"42","GWK60_C05049",2586.53757434459,1.2791885273628,0.110896047871737,5.97240801402593e-29,"CAGL0C05533g"
"43","GWK60_D00253",817.278311098288,1.15811673701474,0.153870540209725,5.31483177293775e-13,"CAGL0L00473g"
"44","GWK60_D01067",314.816442062881,1.27264909414063,0.21402606459731,1.64315012534542e-08,"CAGL0D00946g"
"45","GWK60_D01089",746.996240913139,1.17445613470816,0.177281463455064,2.54877824141317e-10,"CAGL0D00990g"
"46","GWK60_D01199",7108.31670260017,1.13880473720253,0.109881600231408,1.21388923315973e-23,"CAGL0D01100g"
"47","GWK60_D01595",1557.83146847258,1.94201517698844,0.167104299529136,2.23441537251978e-29,"CAGL0D01474g"
"48","GWK60_D02827",112.023367613286,1.31243183852842,0.304196866935496,5.64021986447649e-05,"CAGL0D02662g"
"49","GWK60_D04191",5027.42564422653,1.42364645234418,0.121145012684434,5.2569750004562e-30,"CAGL0D04026g"
"50","GWK60_D05269",108516.499459903,1.40127867910074,0.135174880649737,1.19034122695106e-23,"CAGL0D05082g"
"51","GWK60_D05467",1666.99623094506,1.16221553477692,0.165000755291786,1.59062023115824e-11,"CAGL0D05280g"
"52","GWK60_D06083",27539.8275445635,1.7121604439229,0.123484299419099,1.67877122217418e-41,"CAGL0D05918g"
"53","GWK60_D06105",27719.1281178512,2.98120821143951,0.126616902727125,1.8437172814316e-119,"CAGL0D05940g"
"54","GWK60_D06567",87.9104144239178,1.55133207432307,0.40526296343925,0.000389333658623824,"CAGL0D06380g"
"55","GWK60_D06589",7603.51136931305,2.3077851379477,0.110372665906636,2.8994471477352e-94,"CAGL0D06402g"
"56","GWK60_D06699",2029.83048259752,1.21828455745867,0.177731327410088,5.6780963021247e-11,"CAGL0D06512g"
"57","GWK60_E01419",5025.77075527868,1.0339352426567,0.0994944252186834,9.29539737216102e-24,"CAGL0E01639g"
"58","GWK60_E01551",6700.0845964682,1.71524639447356,0.187648474608352,1.25343125810824e-18,"CAGL0E01771g"
"59","GWK60_E01595",338.7159493941,1.50103509566478,0.252422255844745,1.64315012534542e-08,"CAGL0E01815g"
"60","GWK60_E01639",484.638567507786,1.14566879067887,0.220127986248863,9.27802937791452e-07,"CAGL0E01859g"
"61","GWK60_E01661",5708.36513401967,1.02628907609892,0.123485469234268,1.28334756861546e-15,"CAGL0E01881g"
"62","GWK60_E02805",8405.06906237049,1.2363845367579,0.161678882553128,2.20821177728092e-13,"CAGL0E03025g"
"63","GWK60_E03707",1781.47035151082,1.57968375910911,0.164633152260919,2.06627312623786e-20,"CAGL0E04004g"
"64","GWK60_E04015",14387.1797438042,1.14478810541784,0.126766802850723,3.23988126511329e-18,"CAGL0E04334g"
"65","GWK60_E04543",59.7292823106783,1.05044397434914,0.35856295407612,0.00768358555505733,"CAGL0E04840g"
"66","GWK60_E04895",1556.5712758375,1.07341241471546,0.160563863285127,1.7359019281408e-10,"CAGL0E05214g"
"67","GWK60_E05621",5044.03364617853,1.74147432130534,0.235070165624464,1.23980075268977e-12,"CAGL0E05984g"
"68","GWK60_E06017",5848.05187924296,1.12844944826646,0.119197091528043,6.6056630995506e-20,"CAGL0E06380g"
"69","GWK60_E06237",2874.58778086321,1.00362355052442,0.226762709927711,3.4985067668748e-05,"CAGL0E06644g"
"70","GWK60_F00517",177.729457526856,1.4796092732211,0.305338076290301,5.30545389306971e-06,"CAGL0F00649g"
"71","GWK60_F01177",6946.01527699132,1.01945366523681,0.121162328935177,5.59280253685107e-16,"CAGL0F01397g"
"72","GWK60_F01243",1700.43407159833,1.44563619612917,0.162489835641363,1.04960089406564e-17,"CAGL0F01485g"
"73","GWK60_F01551",50605.0394105446,2.13299889697974,0.144182949788339,3.11847701437241e-47,"CAGL0F01793g"
"74","GWK60_F01771",3670.52041168825,1.30028143861091,0.191031751177895,7.81697657649305e-11,"CAGL0F02013g"
"75","GWK60_F02145",7068.64709750156,1.06021456994745,0.142100728737462,8.56018346782523e-13,"CAGL0F02431g"
"76","GWK60_F02321",493.970220227613,1.21133435285151,0.239952497588697,2.04021807088425e-06,"CAGL0F02585g"
"77","GWK60_F02431",4943.65762315044,1.03772070674493,0.154222452605961,1.30586310119639e-10,"CAGL0F02717g"
"78","GWK60_F03333",7059.94651230425,3.28495981224363,0.140917955168345,3.57691314974271e-117,"CAGL0F03641g"
"79","GWK60_F04345",8488.28095701755,1.32486266711021,0.122753467722724,1.62242284108629e-25,"CAGL0F04741g"
"80","GWK60_F04411",16841.149088441,1.07691513106847,0.188087900282882,5.67871813920924e-08,"CAGL0F04807g"
"81","GWK60_F04433",12137.174179652,1.46995698151267,0.168151686981328,3.82251926237662e-17,"CAGL0F04829g"
"82","GWK60_F04455",4448.92544134811,1.23427884524454,0.1356802228372,1.84156411437948e-18,"CAGL0F04851g"
"83","GWK60_F04521",86.2223445099718,1.64413282826498,0.382614768795632,6.04633126683866e-05,"CAGL0F04917g"
"84","GWK60_F06457",15865.9564405899,1.8375107920758,0.216353392941228,2.93335399999721e-16,"CAGL0F06875g"
"85","GWK60_F06611",3101.90550510504,3.07260908424531,0.162489257221696,4.52267534026278e-77,"CAGL0F07029g"
"86","GWK60_F07315",11966.8639753422,1.03037851338407,0.18255006462642,8.92771849238701e-08,"CAGL0F07777g"
"87","GWK60_F07403",2861.19787259566,1.09937495328255,0.175744219703557,2.60806867131364e-09,"CAGL0F07865g"
"88","GWK60_F07491",371.987641065251,1.19432339459174,0.177265764877795,1.23143652493449e-10,"CAGL0F07953g"
"89","GWK60_F07513",1425.46478561733,1.71678295453172,0.134405375829754,2.63434042802629e-35,"CAGL0F07975g"
"90","GWK60_F07755",30.2547621863615,1.42234537377284,0.637553447061788,0.0473195376935575,"CAGL0F08217g"
"91","GWK60_F08283",158228.547840104,1.49719270067992,0.133083827676477,1.27598958685354e-27,"CAGL0F08745g"
"92","GWK60_G00451",6291.28520677436,1.22681007636525,0.124429290184759,1.72698985027076e-21,"CAGL0G00550g"
"93","GWK60_G00715",2239.41087447147,1.23616889795628,0.106278614147801,2.04616276375647e-29,"CAGL0G00858g"
"94","GWK60_G01749",29085.5704785833,1.02381394288591,0.161001080824725,1.37455241825419e-09,"CAGL0G01892g"
"95","GWK60_G02431",242.579210660126,1.96816687472198,0.236058578807328,1.04680429300774e-15,"CAGL0G02563g"
"96","GWK60_G02453",9280.16268851278,1.62482601520074,0.133059061071884,2.3208422388758e-32,"CAGL0G02585g"
"97","GWK60_G05159",4820.61888873401,1.08988930584857,0.152942926793987,9.05117327041916e-12,"CAGL0G05357g"
"98","GWK60_G05357",8146.33559247763,1.11520294619994,0.231231837480293,5.89664744554472e-06,"CAGL0G05544g"
"99","GWK60_G05797",747.719304206696,1.08130761511698,0.188507202324998,5.38677870762537e-08,"CAGL0G05984g"
"100","GWK60_G05819",14098.6069202182,1.32685280803497,0.149625161065818,1.33672623047494e-17,"CAGL0G06006g"
"101","GWK60_G06149",4917.93734345048,1.34934905514654,0.156088867693136,8.52680032229681e-17,"CAGL0G06358g"
"102","GWK60_G06369",2195.07793756861,1.09595626559283,0.107774449567487,8.44713996507868e-23,"CAGL0G06622g"
"103","GWK60_G06523",96.2010173606516,2.16926646361018,0.48718806949045,3.1244243806356e-05,"CAGL0G06798g"
"104","GWK60_G06567",23860.2739611606,1.02401933777317,0.120035024617422,2.13904534324243e-16,"CAGL0G06842g"
"105","GWK60_G07315",26325.6906961158,1.41233814201573,0.112722775259528,4.73928077169332e-34,"CAGL0G07601g"
"106","GWK60_G07403",10590.8109382352,1.40648145783561,0.117134364421087,2.69860893898235e-31,"CAGL0G07689g"
"107","GWK60_G08349",979.189507765379,1.04771913299091,0.144982819790565,4.49544231282634e-12,"CAGL0G08646g"
"108","GWK60_G08745",2169.11552156356,1.52152260896359,0.214917247925874,1.24888797835566e-11,"CAGL0G09064g"
"109","GWK60_G09163",9112.85955200156,1.55943469472385,0.142257993757548,2.64827476141981e-26,"CAGL0G09449g"
"110","GWK60_H01067",36878.6543404748,1.02892296072426,0.129712327979644,2.58153493941949e-14,"CAGL0H01287g"
"111","GWK60_H02343",2720.08811152039,1.57273745523343,0.122934180393402,2.07793524248678e-35,"CAGL0H02541g"
"112","GWK60_H03091",4686.03340604535,1.16290730286613,0.130230557746164,7.87931918902187e-18,"CAGL0H03289g"
"113","GWK60_H04631",3452.16507592378,1.10454347478278,0.178347352674562,3.78577360156084e-09,"CAGL0H04719g"
"114","GWK60_H05313",74.5334856043567,1.55146248882918,0.326599926787061,8.31012721319034e-06,"CAGL0H05401g"
"115","GWK60_H05533",1644.93236767651,1.25931444504061,0.136311440675527,5.27528751697415e-19,"CAGL0H05621g"
"116","GWK60_H06237",64.3364899793505,1.27150813724812,0.389476752291849,0.00275121570065593,"CAGL0H06325g"
"117","GWK60_H06457",898.653242581731,1.37467755146619,0.167209416584029,2.65419563065784e-15,"CAGL0H06545g"
"118","GWK60_H06567",467.067548958414,1.41129697299034,0.149507657686158,8.43977973050165e-20,"CAGL0H06633g"
"119","GWK60_H06655",2599.73376138441,1.22917072281276,0.109998446702969,2.79116590632204e-27,"CAGL0H06721g"
"120","GWK60_H08217",335.456815830664,1.34909963340095,0.22091785048993,6.4025356724015e-09,"CAGL0H08261g"
"121","GWK60_H09361",15.5743581795869,1.87708143127224,0.732371953936494,0.021082965276821,"CAGL0H09394g"
"122","GWK60_H09471",1038.97157985768,1.43664251407979,0.170662092167356,5.4149698397688e-16,"CAGL0H09504g"
"123","GWK60_H09581",997.31302918721,1.32100252641772,0.219160596884744,1.02258802735409e-08,"CAGL0H09592g"
"124","GWK60_H09889",21072.5360312818,1.17408970362333,0.188224984541671,2.90533145704407e-09,"CAGL0H09944g"
"125","GWK60_H09955",1161.05465995259,2.18473778898613,0.163563861471204,1.52334104359479e-38,"CAGL0H10010g"
"126","GWK60_H10065",2422.12822638246,1.28326540769965,0.140784523662202,1.57613418294193e-18,"CAGL0H10120g"
"127","GWK60_I01045",10357.8895951336,1.89365846411754,0.205854733360806,7.50380513694743e-19,"CAGL0I05610g"
"128","GWK60_I01265",2513.44461496668,1.13861593445854,0.116751377288335,4.73450465921891e-21,"CAGL0I05830g"
"129","GWK60_I02299",1324.21208143396,1.00641873242127,0.141888869515356,1.13529265260139e-11,"CAGL0I06809g"
"130","GWK60_I02739",1681.22708703783,1.82083956056334,0.236104439894395,1.37631325453188e-13,"CAGL0I07249g"
"131","GWK60_I02761",4387.54860896446,1.22820634425115,0.162733745567488,4.58619777269617e-13,"CAGL0I07271g"
"132","GWK60_I03795",3039.60476176454,1.30866728662604,0.149602431511711,3.65495857178455e-17,"CAGL0I08305g"
"133","GWK60_I04983",1839.24183721229,1.25191620489578,0.113219721874606,9.60464713952279e-27,"CAGL0I09482g"
"134","GWK60_I06017",2395.53375924478,1.0709274100912,0.124771287609319,1.40482513670999e-16,"CAGL0I10582g"
"135","GWK60_J00187",10026.9000732853,1.08829184589973,0.220742842786921,3.56333210483162e-06,"CAGL0J00297g"
"136","GWK60_J00429",7806.70774578066,1.08709922229861,0.133712110540603,5.50041185368409e-15,"CAGL0J00539g"
"137","GWK60_J01243",8128.34931691596,1.23048883395264,0.149691306295269,2.67230296677179e-15,"CAGL0J01331g"
"138","GWK60_J01353",4236.46955712169,1.08206802954889,0.117302696353261,5.98391416271941e-19,"CAGL0J01441g"
"139","GWK60_J01991",2804.62256719706,1.07526971575249,0.107588322863358,4.69395581913226e-22,"CAGL0J02134g"
"140","GWK60_J02365",739.253134005171,1.05886310080225,0.244851139520629,5.4024312840322e-05,"CAGL0J02530g"
"141","GWK60_J02849",2928.54923071159,1.08580229141103,0.120236859044188,3.23988126511329e-18,"CAGL0J03058g"
"142","GWK60_J02871",11228.8778494951,1.73749727611325,0.184643990203164,1.10516514827866e-19,"CAGL0J03080g"
"143","GWK60_J03575",2099.11178753763,1.53775460215906,0.13708224850218,1.80031100796189e-27,"CAGL0J03762g"
"144","GWK60_J03729",9166.70531512765,3.88932343069228,0.158074432360976,1.97833959335087e-130,"CAGL0J03916g"
"145","GWK60_J03905",2633.449107091,1.01542819430401,0.117670304189895,9.69091510868993e-17,"CAGL0J04092g"
"146","GWK60_J03971",12644.4514528061,1.86112925958881,0.156128681388675,7.57053473833848e-31,"CAGL0J04158g"
"147","GWK60_J04939",4019.1641113686,1.31713087347295,0.125059600587098,2.3494511213258e-24,"CAGL0J05126g"
"148","GWK60_J05621",1874.55092709271,1.28171606255945,0.14986251577762,1.80465149520752e-16,"CAGL0J05830g"
"149","GWK60_J06237",2850.76694226814,2.13182804416314,0.192105713024296,6.33421038411644e-27,"CAGL0J06402g"
"150","GWK60_J06743",3984.07856893956,1.07449550374623,0.13344513426456,1.0226438036321e-14,"CAGL0J06908g"
"151","GWK60_J08173",6215.22901597032,2.09891051170041,0.14024103279988,2.44874780977766e-48,"CAGL0J08316g"
"152","GWK60_J08261",11241.1624471836,1.01862617209301,0.10642066794422,2.52497686977746e-20,"CAGL0J08415g"
"153","GWK60_J08745",13.4587627897439,2.39912497517616,0.72715712102436,0.00246488625888252,"CAGL0J08932g"
"154","GWK60_J09229",4878.63373156235,1.11117466728578,0.108005622663663,2.55388842370432e-23,"CAGL0J09416g"
"155","GWK60_J10307",1012.57844562959,1.20239785387609,0.183469029795491,4.04141702811235e-10,"CAGL0J10494g"
"156","GWK60_J10615",3145.56080454151,1.07427122109986,0.1103691623268,5.68232291882357e-21,"CAGL0J10824g"
"157","GWK60_J10967",2453.27948491539,1.21934352585008,0.118523802232407,2.55388842370432e-23,"CAGL0J11176g"
"158","GWK60_J11275",2040.80171923704,1.08427274872836,0.113604201506641,3.27490421119178e-20,"CAGL0J11484g"
"159","GWK60_J11341",18463.4190572171,1.57182905698302,0.119566714781349,2.3463772798567e-37,"CAGL0J11550g"
"160","GWK60_J11495",1965.09816997496,1.23657062653193,0.140040727658398,1.82496024839785e-17,"CAGL0J11704g"
"161","GWK60_K00561",4207.35032891709,1.45173751757173,0.236625490762609,5.41006021018917e-09,"CAGL0K00715g"
"162","GWK60_K00715",1993.6367753028,1.01166902534712,0.133609465738149,3.82908741359395e-13,"CAGL0K00869g"
"163","GWK60_K02365",2202.6327928301,1.17620729606102,0.199033535162173,2.02141362676268e-08,"CAGL0K02519g"
"164","GWK60_K02563",164.312088674522,1.00060249311858,0.301946699150266,0.00235414258392568,"CAGL0K02695g"
"165","GWK60_K02629",2711.33350407954,1.18840069628706,0.136186671465422,4.33247496643379e-17,"CAGL0K02761g"
"166","GWK60_K03003",948.333610350199,2.45164989004742,0.262627518583372,2.20991760203288e-19,"CAGL0K03157g"
"167","GWK60_K03311",12084.0003463724,1.26400568356483,0.112704141952462,1.83294723525413e-27,"CAGL0K03459g"
"168","GWK60_K03377",19558.3020263641,1.25394296454532,0.148704351040709,4.85376448543634e-16,"CAGL0K03509g"
"169","GWK60_K03773",7.19526452129509,2.82351327771811,1.06033678027896,0.0163000656341412,"CAGL0K03905g"
"170","GWK60_K03795",3904.96762346653,1.2897496403401,0.11954420673232,1.6802468080601e-25,"CAGL0K03927g"
"171","GWK60_K04037",2570.78614029176,1.78458024895138,0.175348881427914,7.80060868105133e-23,"CAGL0K04169g"
"172","GWK60_K04235",5702.7847960563,1.82383057964789,0.113329528009152,8.28432025528932e-56,"CAGL0K04367g"
"173","GWK60_K04301",2156.03453784242,1.12132125898993,0.132267850380872,3.34070662171076e-16,"CAGL0K04433g"
"174","GWK60_K04345",78980.5480474243,1.57352658715796,0.141793991441638,6.33421038411644e-27,"CAGL0K04477g"
"175","GWK60_K04477",2825.57173804098,2.19689380378822,0.12878092043209,9.77586784170394e-63,"CAGL0K04609g"
"176","GWK60_K05071",1630.89115194123,1.04739095134249,0.471750924353581,0.0484393966660964,"CAGL0K05247g"
"177","GWK60_K05115",9519.79813267385,1.18835301447604,0.155569560620906,2.34338100572402e-13,"CAGL0K05291g"
"178","GWK60_K05533",3717.9630997596,1.98885138246247,0.118909806527266,2.62161813563367e-60,"CAGL0K05687g"
"179","GWK60_K05951",2052.72371276176,1.20147472430871,0.123747489916911,7.14636863242879e-21,"CAGL0K06105g"
"180","GWK60_K06523",819.636294965441,2.2874087007635,0.142683502030348,2.12642306919854e-55,"CAGL0K06677g"
"181","GWK60_K07623",19962.9982597469,1.52255839174451,0.158975046865754,2.40171852905117e-20,"CAGL0K07788g"
"182","GWK60_K08085",7572.03964360365,2.30790446746475,0.123146122373916,9.96531396865888e-76,"CAGL0K08272g"
"183","GWK60_K08481",1440.62665334202,3.96138821493766,0.228295552186134,7.11973343901751e-65,"CAGL0K08668g"
"184","GWK60_K08547",1707.40489104305,1.10167953766833,0.155042113091444,1.04099328014508e-11,"CAGL0K08734g"
"185","GWK60_K08613",1538.98887174761,1.08629025715873,0.155295864467479,2.21473748319218e-11,"CAGL0K08800g"
"186","GWK60_K09185",221.734225465042,1.10429857734867,0.224200088221651,3.63669682948886e-06,"CAGL0K09394g"
"187","GWK60_K10571",1843.35904623821,1.81748425154339,0.16869266059427,1.9607166971895e-25,"CAGL0K10824g"
"188","GWK60_K11715",748.718625375543,1.61383309237164,0.178909610959966,3.54162306157238e-18,"CAGL0K11946g"
"189","GWK60_K11869",7186.89519326562,1.56026393504897,0.119618041638774,8.80952628780454e-37,"CAGL0K12100g"
"190","GWK60_K12265",2780.01639912749,1.01769121788309,0.166495163531491,6.1875322970658e-09,"CAGL0K12518g"
"191","GWK60_K12507",1761.00428423971,1.18572542697109,0.14069155349905,5.02170502476229e-16,"CAGL0K12760g"
"192","GWK60_K12639",2959.80261953025,1.14149137147123,0.113019240313773,1.68148102476089e-22,"CAGL0K12892g"
"193","GWK60_K12705",2182.1044178387,1.03913377328016,0.124909234889573,1.20484807167242e-15,"CAGL0K12958g"
"194","GWK60_L00825",1571.4912716006,1.04121203501535,0.139308706433668,7.77729508484816e-13,"CAGL0I01012g"
"195","GWK60_L01089",775.358270120834,1.10282729176822,0.182334595993963,9.03097468020642e-09,"CAGL0I01276g"
"196","GWK60_L01925",2705.74363493142,1.18432704424831,0.176076171905373,1.3266125427374e-10,"CAGL0I02134g"
"197","GWK60_L02211",1861.95605794609,1.04487985911176,0.13542796093102,1.34314001822785e-13,"CAGL0I02420g"
"198","GWK60_L02717",8576.63453450427,1.0282487958646,0.106263139331254,9.69467901365384e-21,"CAGL0I02970g"
"199","GWK60_L03707",4035.10233020211,1.00751187145767,0.128464576456527,5.07163962305687e-14,"CAGL0I04004g"
"200","GWK60_L04301",13800.0006995941,1.32695676718102,0.139096614007812,3.40398846423696e-20,"CAGL0I04554g"
"201","GWK60_L04719",1056.98833569889,1.14206507897333,0.135485547767375,4.96760750895144e-16,"CAGL0I04972g"
"202","GWK60_L04741",13995.210428035,2.42046794133049,0.123045960189715,2.21155989237099e-83,"CAGL0I04994g"
"203","GWK60_L05049",15319.126926613,1.26746641921335,0.145587334493361,5.11001653785905e-17,"CAGL0L01177g"
"204","GWK60_L05995",4081.6157973747,1.18700939409991,0.133973489500982,1.42406687502894e-17,"CAGL0L02101g"
"205","GWK60_L06215",773.298650210066,2.38987552835374,0.158514839317657,4.82823735474059e-49,"CAGL0L02321g"
"206","GWK60_L06721",1823.35393636708,1.23783440471837,0.125506999914449,1.68210663167459e-21,"CAGL0L08426g"
"207","GWK60_L08415",31624.245776258,1.00018951220513,0.139339732044364,6.30447079183523e-12,"CAGL0L06798g"
"208","GWK60_L08437",1375.91935077288,1.81525024390808,0.162737202033712,3.45968678619258e-27,"CAGL0L06776g"
"209","GWK60_L08943",4188.19989561625,1.09955236311527,0.128408649366701,1.65516179109275e-16,"CAGL0L06292g"
"210","GWK60_L09141",4223.60449753631,4.07465330979803,0.157447153311139,2.96564797636549e-144,"CAGL0L06094g"
"211","GWK60_L09251",22.851221847611,2.02550273501418,0.602492158307793,0.00201287820347644,"CAGL0L05984g"
"212","GWK60_L09493",3463.87695000544,1.61146799717534,0.147283112639203,3.2722544777902e-26,"CAGL0L05720g"
"213","GWK60_L09801",22388.3283428427,1.10678176119766,0.153793525205021,5.54446588316393e-12,"CAGL0L05434g"
"214","GWK60_L09955",2284.75260477515,1.00277238735916,0.196421631861366,1.53325972289578e-06,"CAGL0L05258g"
"215","GWK60_L10395",1397.54109991397,1.02308719972434,0.154146265489197,2.36136897563263e-10,"CAGL0L04818g"
"216","GWK60_L10615",22162.5139108026,1.285032434494,0.0924926703545622,1.1736521276263e-41,"CAGL0L04598g"
"217","GWK60_L11957",9941.25956128969,1.43612473606096,0.189272266768104,3.39742993891049e-13,"CAGL0L03267g"
"218","GWK60_L12089",6824.81798458959,1.03310687686608,0.0993959518894379,9.16644712209272e-24,"CAGL0L03135g"
"219","GWK60_L12397",2506.99121997925,1.40105358710644,0.163159854079809,1.36619666054213e-16,"CAGL0L02827g"
"220","GWK60_L13255",7871.95336036591,1.31785698695757,0.14885472669866,1.50232653866677e-17,"CAGL0L09251g"
"221","GWK60_L13981",4653.38763561787,1.07175084205476,0.172925569213948,3.68717490697063e-09,"CAGL0L09999g"
"222","GWK60_L14685",21405.4843450486,1.8729793637385,0.136793491744896,1.79721469281478e-40,"CAGL0L10714g"
"223","GWK60_L14773",167.951060428529,1.00593771006695,0.240159822565302,9.48332551591502e-05,"CAGL0L10802g"
"224","GWK60_L15873",1021.83087380031,1.25955710955523,0.195877198385465,8.76821010174353e-10,"CAGL0L11902g"
"225","GWK60_L15983",1659.07290300197,1.12768897177799,0.146928128213363,1.8135952688109e-13,"CAGL0L12012g"
"226","GWK60_L16489",1493.1216435044,1.11311677225748,0.161603272322988,4.55047444767897e-11,"CAGL0L12562g"
"227","GWK60_M00803",72313.7226196024,1.18947172469379,0.198338558007209,1.22050922805035e-08,"CAGL0M00880g"
"228","GWK60_M01661",12500.2810561014,2.18793628844865,0.16966739644312,5.95067699798204e-36,"CAGL0M01760g"
"229","GWK60_M02255",61.3361282932983,1.11831193852359,0.444554806910287,0.0236680456885913,"CAGL0M02343g"
"230","GWK60_M03751",16128.1538419555,2.42598738883572,0.104296058514348,9.69700035240995e-117,"CAGL0M03839g"
"231","GWK60_M04037",4162.22017797026,1.41705910733278,0.140494226137073,1.91175437684596e-22,"CAGL0M04125g"
"232","GWK60_M04103",27450.4325660712,1.76138446273078,0.138707611180448,6.43476019619422e-35,"CAGL0M04191g"
"233","GWK60_M04697",8568.79723270562,1.05823223802507,0.144616783142231,2.37406624750515e-12,"CAGL0M04763g"
"234","GWK60_M05049",26.7033270053588,1.49088770424733,0.575463120430099,0.0197023541422435,"CAGL0M05115g"
"235","GWK60_M05247",64.2675206535501,1.24252784377941,0.391952274801686,0.00370972694119313,"CAGL0M05313g"
"236","GWK60_M05313",7231.94097528753,1.16342190813078,0.189857906189492,5.63722344943119e-09,"CAGL0M05379g"
"237","GWK60_M06281",82.8781737201861,1.43028961432271,0.357186514294384,0.000197412103124432,"CAGL0M06325g"
"238","GWK60_M06303",2006.57529013528,1.05094318089147,0.136296082228778,1.38716159724633e-13,"CAGL0M06347g"
"239","GWK60_M06391",31.1564994004752,1.21859746592251,0.481590316776148,0.0228580243873468,"CAGL0M06435g"
"240","GWK60_M06919",560.345136575116,1.29023420566806,0.51237473128299,0.0235409319751627,"CAGL0M06963g"
"241","GWK60_M07183",2853.99301855166,1.04545075466776,0.121663182461115,1.30057122256241e-16,"CAGL0M07205g"
"242","GWK60_M07381",2149.43681638022,2.29415769784486,0.132433873970696,1.09996998347661e-64,"CAGL0M07403g"
"243","GWK60_M07601",13319.1442297032,1.15656444556923,0.16904387298519,6.16445224565638e-11,"CAGL0M07612g"
"244","GWK60_M07623",1382.32651375837,2.00355322645179,0.477130634062234,9.1049066621443e-05,"CAGL0M07634g"
"245","GWK60_M07645",51028.8742233138,1.60670705993176,0.140619872568208,1.98165590196267e-28,"CAGL0M07656g"
"246","GWK60_M08151",18304.8950626321,1.17179977855595,0.143998017227467,5.19732783628029e-15,"CAGL0M08206g"
"247","GWK60_M08679",6141.74665992052,1.05648618654431,0.134949264395213,5.63391206920463e-14,"CAGL0M08734g"
"248","GWK60_M08965",836.61671543816,1.06298304015228,0.174405779845789,6.88127541281354e-09,"CAGL0M09020g"
"249","GWK60_M09427",369.485993220842,1.27056157396487,0.268665073932067,9.1047634773557e-06,"CAGL0M09493g"
"250","GWK60_M10373",563.623419304539,1.21332572982323,0.197276657598879,4.9339515233055e-09,"CAGL0M10395g"
"251","GWK60_M10417",7750.6663400845,1.00696272413349,0.110667544820148,1.81452528505053e-18,"CAGL0M10439g"
"252","GWK60_M10923",12.5250506607847,5.34371769094812,1.2454314649758,6.20784047426428e-05,"CAGL0M11044g"
"253","GWK60_M11363",398.718818633358,1.85528777182158,0.222777277724353,1.12849897232057e-15,"CAGL0M11440g"
"254","GWK60_M11385",5049.86205231474,1.10853213984124,0.109336097046427,1.14470511509084e-22,"CAGL0M11462g"
"255","GWK60_M12045",8.69751589262097,2.49804485888719,1.06953383661415,0.0368655347381802,"CAGL0M12100g"
"256","GWK60_M12265",9465.44916567259,1.24463164550103,0.111190578683784,2.29186386872426e-27,"CAGL0M12320g"
"257","GWK60_M12463",9253.97260423486,1.73604286890763,0.160390681769783,1.1674124104234e-25,"CAGL0M12551g"
"258","GWK60_M13717",6308.13613857464,1.00477039755527,0.0969907884847927,1.26405958980865e-23,"CAGL0M13783g"
