"","gene","baseMean","log2FC","stderror","padj","standard_cg","database_cg","systematic_sc","standard_sc","database_sc"
"1","CAGL0A00341g",269.112198921792,1.26120992781934,0.316601823900885,0.000353985161164168,"","CAL0126869","YGL010W","MPO1","S000002978"
"2","CAGL0A00429g",4111.79678651023,1.95880650805298,0.315710417151662,7.74052048221418e-09,"ERG4","CAL0126621","YGL012W","ERG4","S000002980"
"3","CAGL0A00451g",5965.39308531247,1.49368073894766,0.165636337420871,1.18566463170249e-17,"PDR1","CAL0126583","YGL013C","PDR1","S000002981"
"4","CAGL0A01089g",13696.7847416658,4.47723467781282,0.210367722555537,8.18573128023906e-97,"","CAL0126673","YPL272C","PBI1","S000006193"
"5","CAGL0A01826g",565.356722545206,2.66569141039346,0.764635975911945,0.00208007034967608,"HXT5","CAL0126791","YDR345C","HXT3","S000002753"
"6","CAGL0A02145g",210.163474578575,1.51719243462136,0.30893409661955,7.08564340988261e-06,"","CAL0126901","YHR016C","YSC84","S000001058"
"7","CAGL0A03905g",855.447273492433,2.26785182397371,0.271918218061589,2.92343062034902e-15,"HMX1","CAL0126925","YLR205C","HMX1","S000004195"
"8","CAGL0A04477g",2410.4341806872,1.21188783680175,0.153899025035494,1.03114886300806e-13,"","CAL0126763","YBL067C","UBP13","S000000163"
"9","CAGL0B00946g",18145.2997603536,1.44107002715248,0.166235227865376,2.14210517499018e-16,"","CAL0127160","YCL028W","RNQ1","S000000533"
"10","CAGL0B01012g",256.526457353357,1.28633965787352,0.361425580791729,0.00162855826068784,"","CAL0127012","YCL025C","AGP1","S000000530"
"11","CAGL0B01078g",407.759446508762,1.82033576577912,0.239381859331492,7.83481027599803e-13,"","CAL0127818","YLR177W","YLR177W","S000004167"
"12","CAGL0B01727g",236.808886667719,1.21334657668304,0.265603792016816,3.34955939180296e-05,"","CAL0127060","YDR109C","YDR109C","S000002516"
"13","CAGL0B01925g",2031.1698009506,1.02915375994586,0.17907663147149,1.03822672264024e-07,"","CAL0127716","YDR122W","KIN1","S000002529"
"14","CAGL0B02211g",1501.76967502501,1.28937518630939,0.197262452005215,9.95529972144034e-10,"CCH1","CAL0127760","YGR217W","CCH1","S000003449"
"15","CAGL0B02739g",1384.64170583225,1.42625187315694,0.199734354194169,2.01165686660352e-11,"STE11","CAL0127090","YLR362W","STE11","S000004354"
"16","CAGL0B02755g",6778.49098873008,2.36458375460983,0.148543787933646,3.93873133855142e-54,"","CAL0127150","YLR361C-A","YLR361C-A","S000028845"
"17","CAGL0B02772g",1030.20503200049,1.04581016140189,0.205074180855381,2.87718518041625e-06,"VPS38","CAL0127676","YLR360W","VPS38","S000004352"
"18","CAGL0B03465g",298.281802846598,1.56326371853474,0.344316198777375,3.76128782570659e-05,"","CAL0127080","YLR251W","SYM1","S000004241"
"19","CAGL0B03619g",14997.9659093979,1.86525137353562,0.261135482477991,1.99128116348295e-11,"","CAL0127730","YEL060C","PRB1","S000000786"
"20","CAGL0B03663g",5102.43314469307,2.28923927959864,0.297154307752763,3.73335145638471e-13,"","CAL0127902","YCR005C","CIT2","S000000598"
"21","CAGL0B03839g",432.652831026158,1.28585128683104,0.280014792032568,3.00937989579222e-05,"MET3","CAL0127678","YJR010W","MET3","S000003771"
"22","CAGL0C00319g",9571.2218987023,1.78268687609688,0.154302714083416,1.18708011275863e-28,"","CAL0127452","YJL172W","CPS1","S000003708"
"23","CAGL0C01375g",8088.35439275263,1.93859279050786,0.187805847327231,6.21351453870835e-23,"","CAL0127424","YIL108W","YIL108W","S000001370"
"24","CAGL0C01771g",728.56336062652,1.16294149736634,0.371647757722075,0.00618911489704277,"","CAL0127386","YBR241C","VVS1","S000000445"
"25","CAGL0C02233g",5018.47802853642,1.47139906284694,0.260341307195963,1.7429766999681e-07,"","CAL0127568","YER042W","MXR1","S000000844"
"26","CAGL0C02321g",660.554207031051,1.94517899599807,0.346734588617468,2.17356560793487e-07,"PHM8","CAL0127450","YER037W","PHM8","S000000839"
"27","CAGL0C03113g",6093.25247434005,1.13408313964264,0.206367405864768,3.96512435607104e-07,"","CAL0127272","YLR270W","DCS1","S000004260"
"28","CAGL0C03245g",2688.82329303059,1.19185789073785,0.218624688282623,5.00741372312994e-07,"","CAL0127398","YLL042C","ATG10","S000003965"
"29","CAGL0C03509g",1680.4522778014,1.47053141402835,0.19814237560612,2.82589522582286e-12,"","CAL0127406","YNR047W","FPK1","S000005330"
"30","CAGL0C03872g",1261.86756334425,1.26278993233249,0.292635999016399,9.59329093336912e-05,"TIR3","CAL0127436","YIL011W","TIR3","S000001273"
"31","CAGL0C04191g",2247.57819058774,1.20701940539936,0.214619961797481,2.0132110629502e-07,"","CAL0127322","YBR006W","UGA2","S000000210"
"32","CAGL0C04323g",555.860659726859,1.42961410869251,0.26333983716722,5.62461200624531e-07,"NTH2","CAL0127228","YBR001C","NTH2","S000000205"
"33","CAGL0C04873g",5329.17982650345,1.40225266191343,0.183744148685522,6.45072624652867e-13,"","CAL0127258","YJR111C","PXP2","S000003872"
"34","CAGL0C05027g",5750.43413658542,1.94038271111873,0.295769203613586,8.60666399659679e-10,"","CAL0127548","YAR035W","YAT1","S000000080"
"35","CAGL0C05533g",2172.3880944694,2.05583366773603,0.17417515875232,7.22989313376141e-30,"","CAL0127236","YDL237W","AIM6","S000002396"
"36","CAGL0C05555g",1466.2959042245,1.03315122192237,0.189775905859567,5.19347242544693e-07,"","CAL0127312","YDL238C","GUD1","S000002397"
"37","CAGL0D04114g",6427.09805424676,1.02856326427207,0.244716812203812,0.000150817255550245,"NCP1","CAL0128329","YHR042W","NCP1","S000001084"
"38","CAGL0D05918g",10409.45470071,1.22403460926476,0.217138495045698,1.87777025456029e-07,"ATF2","CAL0128465","YGR177C","ATF2","S000003409"
"39","CAGL0D05940g",14621.810460759,3.22348235511821,0.200056160419555,2.07371350162171e-55,"ERG1","CAL0128393","YGR175C","ERG1","S000003407"
"40","CAGL0D06402g",5299.77308203469,1.31660785243684,0.185682029447031,2.7957229831279e-11,"MET15","CAL0128485","YLR303W","MET17","S000004294"
"41","CAGL0E00803g",1420.25946217559,1.49187787489485,0.229312287735031,1.21593308651807e-09,"","CAL0128638","YDR171W","HSP42","S000002578"
"42","CAGL0E01243g",201.893288841332,1.35689806831681,0.411873471481396,0.00382977255062906,"CTH2","CAL0128622","YDR151C","CTH1","S000002558"
"43","CAGL0E01639g",3378.17322791785,1.16012910290564,0.155507027202938,2.13933594107085e-12,"","CAL0128796","YOL129W","VPS68","S000005489"
"44","CAGL0E02409g",1237.04227948904,1.30823481695078,0.198527313197576,7.14003732924601e-10,"","CAL0128888","YOL007C","CSI2","S000005367"
"45","CAGL0E02651g",536.187366317869,1.20973183904245,0.315719996517798,0.000619213008932152,"","CAL0129096","YOR003W","YSP3","S000005529"
"46","CAGL0E03025g",5865.8726937396,1.71340523949472,0.191036481324651,1.78328161729955e-17,"","CAL0128832","YGR146C","ECL1","S000003378"
"47","CAGL0E04004g",1811.30645419176,1.96117033131173,0.213132150133278,2.41694115669826e-18,"","CAL0128736","YHL036W","MUP3","S000001028"
"48","CAGL0E04334g",13402.669425802,1.73307222805751,0.207722652491034,2.89566962932253e-15,"ERG11","CAL0128884","YHR007C","ERG11","S000001049"
"49","CAGL0E05148g",5747.98533441889,1.68924810620259,0.312099293847268,6.11135005648982e-07,"","CAL0128712","YGL156W","AMS1","S000003124"
"50","CAGL0E05984g",531.882602641201,3.64095285792412,0.261063719958051,1.65166139232534e-41,"","CAL0128656","YPL223C","GRE1","S000006144"
"51","CAGL0F00275g",3410.82487198399,1.02303339894321,0.166612513528198,1.12730747492488e-08,"","CAL0131424","YJR076C","CDC11","S000003837"
"52","CAGL0F01397g",4303.13521114211,1.0378778532001,0.144402028496502,1.45609873178327e-11,"","CAL0131390","YOR014W","RTS1","S000005540"
"53","CAGL0F01793g",28971.7324898397,2.07151808917371,0.181886057917443,7.41312097603938e-28,"ERG3","CAL0129591","YLR056W","ERG3","S000004046"
"54","CAGL0F02013g",4473.6453693041,1.41388990867102,0.189151281052445,1.93997599138173e-12,"","CAL0129527","YFL010C","WWM1","S000001884"
"55","CAGL0F02585g",293.665005445265,1.22353570139494,0.21238035998699,9.57532168712241e-08,"","CAL0131096","YDR400W","URH1","S000002808"
"56","CAGL0F04191g",1556.40983378404,1.37432866917222,0.202985132409604,2.29310884378804e-10,"","CAL0131428","YBL029C-A","YBL029C-A","S000007591"
"57","CAGL0F04741g",7627.7836020144,1.55477197203063,0.18115172447966,4.23874618731821e-16,"","CAL0129333","YOL016C","CMK2","S000005376"
"58","CAGL0F04829g",6691.5003884878,1.32318089953933,0.216489517243391,1.31355858395071e-08,"","CAL0131036","YPR154W","PIN3","S000006358"
"59","CAGL0F04851g",1626.59207575218,1.37874795926372,0.249166706773472,3.25460550116782e-07,"","CAL0129939","YPR155C","NCA2","S000006359"
"60","CAGL0F06941g",7590.42055076621,1.19934847496208,0.17678548720188,2.10956494702835e-10,"PYC1","CAL0129376","YGL062W","PYC1","S000003030"
"61","CAGL0F07029g",3231.29719049887,2.6162133760335,0.572230274261786,3.2998992095076e-05,"MET13","CAL0131340","YGL125W","MET13","S000003093"
"62","CAGL0F07513g",580.194213425971,1.22296452169023,0.234010902467786,1.57001741277192e-06,"","CAL0130858","YKL093W","MBR1","S000001576"
"63","CAGL0F07777g",1327.34380760171,1.06112340111301,0.237408888212862,5.01015792857643e-05,"","CAL0131152","YMR169C","ALD3","S000004779"
"64","CAGL0F07799g",2171.34575671049,1.00350237805045,0.177916052684233,1.85124361190561e-07,"","CAL0130882","YMR171C","EAR1","S000004781"
"65","CAGL0F07975g",1099.50576492072,2.06068053935696,0.191730901740903,7.23588192789145e-25,"","CAL0131386","YGR237C","YGR237C","S000003469"
"66","CAGL0F08085g",3446.36381273027,1.41056557478928,0.158836810646355,3.74060470732497e-17,"","CAL0129384","YGR243W","MPC3","S000003475"
"67","CAGL0F08745g",95105.799458382,2.44461645819991,0.275199455071707,3.69983695243318e-17,"","CAL0131378","YGR008C","STF2","S000003240"
"68","CAGL0F08965g",6842.34150522378,1.60299457383775,0.193866048444719,5.1030241342099e-15,"","CAL0131068","YHR039C","MSC7","S000001081"
"69","CAGL0G00242g",2328.3991046242,1.14295483882257,0.167698758457604,1.71594500799568e-10,"YOR1","CAL0130663","YGR281W","YOR1","S000003513"
"70","CAGL0G00550g",3647.88524942095,1.56974434477873,0.184827963826382,8.76555381361439e-16,"","CAL0130580","YGR268C","HUA1","S000003500"
"71","CAGL0G00858g",2568.46636433106,1.23499232924587,0.184385903938073,3.60096684469449e-10,"","CAL0130239","YLR332W","MID2","S000004324"
"72","CAGL0G01100g",1762.6601454669,1.05970822863507,0.192398002457252,3.71003237550462e-07,"","CAL0129305","YLR345W","YLR345W","S000004337"
"73","CAGL0G01342g",1481.70850921937,1.21144332822496,0.2083349652687,7.08034147011907e-08,"","CAL0129285","YNL054W","VAC7","S000004999"
"74","CAGL0G01903g",887.318827999282,1.32442754759647,0.23401885135063,1.67038386800453e-07,"MET1","CAL0137635","YKR069W","MET1","S000001777"
"75","CAGL0G02145g",522.144636620134,1.37462660056752,0.237272723111984,8.0092342441606e-08,"","CAL0137547","YKR078W","VPS501","S000001786"
"76","CAGL0G02717g",84.8793795421835,1.40817333245322,0.350355426596647,0.000313565441204921,"","CAL0129476","YIL099W","SGA1","S000001361"
"77","CAGL0G02739g",74.91401847836,1.23885348991654,0.426091603750514,0.0114282275086166,"","CAL0129245","YIL101C","XBP1","S000001363"
"78","CAGL0G03245g",6450.28857830251,1.14311789161624,0.190225319579939,2.38578686119819e-08,"","CAL0137759","YJL082W","IML2","S000003618"
"79","CAGL0G03883g",1237.5475203576,1.18929786995313,0.23384617239058,3.0797826456395e-06,"","CAL0130564","YLL026W","HSP104","S000003949"
"80","CAGL0G04499g",1925.16361408418,2.47276712899114,0.33278182166694,2.66196685061279e-12,"","CAL0130085","YJL105W","SET4","S000003641"
"81","CAGL0G05269g",849.257147337104,1.41745314870122,0.360849553907361,0.000438253265676011,"","CAL0130773","YDR070C","FMP16","S000002477"
"82","CAGL0G05335g",1317.81425533205,1.00753193340974,0.248531751728448,0.000274039855967367,"TPS2","CAL0129888","YDR074W","TPS2","S000002481"
"83","CAGL0G05544g",1198.19258828291,2.05540099653029,0.30143754854507,1.69121466996612e-10,"","CAL0137697","YDL223C","HBT1","S000002382"
"84","CAGL0G05720g",235.522707382129,1.15979602811087,0.233446591844131,5.45792412011798e-06,"","CAL0130219","YDL214C","PRR2","S000002373"
"85","CAGL0G06006g",5198.15494832153,1.48803401973878,0.175534298613695,9.95755857989322e-16,"","CAL0130817","YHR138C","YHR138C","S000001180"
"86","CAGL0G06094g",2463.5972024711,1.0147193549337,0.201848521454038,4.10596882762298e-06,"","CAL0137767","YHR132W-A","IGO2","S000007496"
"87","CAGL0G06358g",6655.75831174261,1.13026084360632,0.162691047950369,7.33924405543263e-11,"","CAL0137693","YAL030W","SNC1","S000000028"
"88","CAGL0G06798g",203.833954923651,1.23354168804231,0.47838679250819,0.0267851014864592,"","CAL0137739","YJR005C-A","LSO1","S000028523"
"89","CAGL0G06842g",13253.9231842623,1.08593406623151,0.253754948873706,0.000110701377990364,"","CAL0137783","YJL020C","BBC1","S000003557"
"90","CAGL0G07601g",6918.76006834015,1.41432638436971,0.182784488733341,2.96419051568874e-13,"","CAL0130745","YBR287W","YBR287W","S000000491"
"91","CAGL0G08338g",2439.71273244953,1.42318980954947,0.177139813923137,3.1415848167556e-14,"","CAL0129399","YLR241W","CSC1","S000004231"
"92","CAGL0G09020g",1301.67356345043,1.16662215050364,0.229797394225004,3.21961333265407e-06,"","CAL0130324","YPL203W","TPK2","S000006124"
"93","CAGL0G09064g",1503.50930126761,2.42376898783164,0.240654168902038,7.38676925284517e-22,"","CAL0130049","YPL201C","YIG1","S000006122"
"94","CAGL0G09449g",9703.3064665061,1.80922335599691,0.174556818449398,4.08450267355726e-23,"CRH1","CAL0137545","YGR189C","CRH1","S000003421"
"95","CAGL0H00737g",6616.50398294865,1.25258649421052,0.188019743630383,4.52274816168091e-10,"","CAL0131856","YPL249C","GYP5","S000006170"
"96","CAGL0H01309g",2876.8207950935,1.00642653091585,0.232667056103651,9.19650357289688e-05,"","CAL0130301","YDR294C","DPL1","S000002702"
"97","CAGL0H02101g",977.584601042886,2.24001910745469,0.377697857347309,3.71892357734655e-08,"","CAL0131668","YHR087W","RTC3","S000001129"
"98","CAGL0H02387g",2630.11616675834,1.28242484111079,0.228932943165522,2.26497397892158e-07,"","CAL0131882","YMR261C","TPS3","S000004874"
"99","CAGL0H02541g",485.207353901544,1.08261262635976,0.23345795014058,2.47498306431454e-05,"","CAL0131820","YMR252C","MLO1","S000004865"
"100","CAGL0H02563g",324.626614973269,2.07982331852929,0.249331258555556,2.9117360304206e-15,"","CAL0130631","YMR251W-A","HOR7","S000004864"
"101","CAGL0H02893g",1533.26606330446,1.07586449113984,0.209797376218013,2.51297734236629e-06,"","CAL0131496","YJL070C","YJL070C","S000003606"
"102","CAGL0H03289g",2367.80891330931,1.14630292685985,0.206130552506568,2.83798652760098e-07,"","CAL0131430","YGL082W","YGL082W","S000003050"
"103","CAGL0H03311g",243.699099407682,1.37299559145378,0.25861697272126,1.03921934657564e-06,"","CAL0130332","YGL081W","YGL081W","S000003049"
"104","CAGL0H04653g",14154.4919181869,1.34806611909385,0.195171512912993,9.59901494308128e-11,"ERG6","CAL0131698","YML008C","ERG6","S000004467"
"105","CAGL0H04939g",496.358018768823,1.32882697139244,0.392673902794952,0.00289520110128036,"FBP1","CAL0131476","YLR377C","FBP1","S000004369"
"106","CAGL0H05005g",3832.80304178585,1.22722483620432,0.16592982932036,3.36044491069696e-12,"","CAL0131440","YLR380W","CSR1","S000004372"
"107","CAGL0H05621g",3059.4388490833,1.39078942673373,0.173182125311033,3.21068045644399e-14,"RLM1","CAL0131602","YPL089C","RLM1","S000006010"
"108","CAGL0H05841g",1095.47150979391,1.06962642716128,0.179981268472895,3.47654650370604e-08,"","CAL0131660","YPL100W","ATG21","S000006021"
"109","CAGL0H06545g",400.732399687341,1.469789673335,0.294035122051884,4.69846698035039e-06,"","CAL0130627","YIL146C","ATG32","S000001408"
"110","CAGL0H06721g",1910.12048114612,1.50795654727197,0.172538246577757,1.16861195348358e-16,"","CAL0131716","YIL156W","UBP7","S000001418"
"111","CAGL0H07359g",1592.36772224634,1.43817529343956,0.175708615537613,1.0097291439067e-14,"PHO8","CAL0129615","YDR481C","PHO8","S000002889"
"112","CAGL0H07557g",3998.27652152663,1.06809354358769,0.203818276827807,1.45820967721041e-06,"","CAL0129972","YGL254W","FZF1","S000003223"
"113","CAGL0H07667g",792.258214320491,1.0198099444583,0.197076434202423,2.00844105321179e-06,"","CAL0131902","YGL248W","PDE1","S000003217"
"114","CAGL0H08261g",478.676061388889,2.39868592518909,0.205804823353629,4.00483189959327e-29,"","CAL0131992","YOR019W","YOR019W","S000005545"
"115","CAGL0H08844g",11708.3656470487,1.29662750493262,0.307235185154091,0.000140865129967547,"","CAL0132038","YMR173W","DDR48","S000004784"
"116","CAGL0H09460g",398.599563717419,1.70785308901291,0.204200973232054,2.51700040703543e-15,"","CAL0130042","YER015W","FAA2","S000000817"
"117","CAGL0H10202g",7576.08672851246,1.03093343515419,0.180742894865322,1.30870548672496e-07,"","CAL0131606","YBR058C-A","TSC3","S000007521"
"118","CAGL0H10208g",61.2242597122903,1.07508766860137,0.397491497074741,0.0194245377906861,"","CAL0131706","YBR059C","AKL1","S000000263"
"119","CAGL0I00836g",1673.76196240528,1.12721971417828,0.194590993038407,8.02319690414421e-08,"","CAL0132070","YMR140W","SIP5","S000004748"
"120","CAGL0I01012g",982.989914659207,1.42493252282204,0.189363670574531,1.38339533575059e-12,"PEP12","CAL0132748","YOR036W","PEP12","S000005562"
"121","CAGL0I01276g",345.427347753215,1.3215846862785,0.406145118418355,0.004291313068958,"","CAL0130065","YHR112C","YHR112C","S000001154"
"122","CAGL0I01298g",249.92862903986,1.81248114371726,0.33179253380055,4.72359013255225e-07,"","CAL0132602","YHR113W","APE4","S000001155"
"123","CAGL0I01320g",1073.80749096781,1.25414168404782,0.343063549944171,0.00116610576836506,"","CAL0132436","YJR051W","OSM1","S000003812"
"124","CAGL0I02134g",917.41428225253,1.39531838102606,0.1751248555798,5.19319568807318e-14,"PEX21B","CAL0132104","YHR160C","PEX18","S000001203"
"125","CAGL0I02970g",7128.84412142804,1.11109837367297,0.155556341935596,1.99128116348295e-11,"ERG24","CAL0132418","YNL280C","ERG24","S000005224"
"126","CAGL0I04554g",7169.94352079883,1.13444532319839,0.200273583386875,1.62609778282848e-07,"GRX7","CAL0132160","YBR014C","GRX7","S000000218"
"127","CAGL0I04774g",3130.85463786075,1.13891631222025,0.16969406410611,3.30053491994302e-10,"","CAL0129668","YBR036C","CSG2","S000000240"
"128","CAGL0I04972g",516.153665529348,1.35974352393577,0.241421792816835,1.92338794107317e-07,"","CAL0132642","YER092W","IES5","S000000894"
"129","CAGL0I04994g",10135.8689419958,1.78684453699233,0.271729194157082,7.8130817587307e-10,"MET6","CAL0132720","YER091C","MET6","S000000893"
"130","CAGL0I05610g",1663.37376812914,2.60404952015669,0.279608761048518,9.13223024495058e-19,"","CAL0130450","YNR014W","YNR014W","S000005297"
"131","CAGL0I05830g",1985.70629072414,1.70150615607176,0.171347472135108,2.8533381695684e-21,"VPS27","CAL0132704","YNR006W","VPS27","S000005289"
"132","CAGL0I05896g",1214.11489884614,1.06787914484037,0.235032144187057,3.70698428909737e-05,"YAK1","CAL0132074","YJL141C","YAK1","S000003677"
"133","CAGL0I06072g",1940.47048825423,1.09419926946957,0.237023015670575,2.70687792970588e-05,"","CAL0132548","YJL154C","VPS35","S000003690"
"134","CAGL0I06094g",1793.53087727626,1.16300618088308,0.229379134475042,3.31500825439426e-06,"FBP26","CAL0132240","YJL155C","FBP26","S000003691"
"135","CAGL0I06402g",4061.61825005486,1.01003015796953,0.20482362671167,6.44221425518948e-06,"","CAL0132222","YPR173C","VPS4","S000006377"
"136","CAGL0I07249g",494.655003230781,2.08914259842263,0.257005096021842,1.51778732719724e-14,"","CAL0130255","YOR134W","BAG7","S000005660"
"137","CAGL0I08305g",2278.8242146594,1.42782314883688,0.356483942313449,0.000329514394133565,"","CAL0132184","YER024W","YAT2","S000000826"
"138","CAGL0I08591g",431.948004193595,1.87983086625199,0.293538755685933,2.28178305635983e-09,"","CAL0129426","YER158C","YER158C","S000000960"
"139","CAGL0I09482g",1217.8128175697,1.5322563491763,0.17706625234519,2.40240775250604e-16,"","CAL0132118","YBR273C","UBX7","S000000477"
"140","CAGL0J00539g",5933.75264815793,1.5915576472628,0.159283441722395,1.59075589097354e-21,"SLT2","CAL0133196","YHR030C","SLT2","S000001072"
"141","CAGL0J02134g",1641.08694095587,1.12053004808865,0.163367880101634,1.31052683057203e-10,"","CAL0133186","YIL002C","INP51","S000001264"
"142","CAGL0J03080g",868.413481848534,1.92821090786237,0.281552335596049,1.39922051690468e-10,"","CAL0129589","YER067W","RGI1","S000000869"
"143","CAGL0J03432g",1847.15481772412,1.0500350238663,0.184647132280085,1.43433804376332e-07,"","CAL0133454","YNL020C","ARK1","S000004965"
"144","CAGL0J03762g",1574.41563314056,1.56726493810715,0.202803855962056,3.16168372070127e-13,"MET7","CAL0132870","YOR241W","MET7","S000005767"
"145","CAGL0J03916g",6169.67980090812,4.06168978287325,0.217273003634005,9.25369051489071e-75,"","CAL0133240","YOR237W","HES1","S000005763"
"146","CAGL0J04004g",326.803189656957,2.00274738767381,0.275157130290817,7.71255091120166e-12,"","CAL0132792","YOR228C","MCP1","S000005754"
"147","CAGL0J04158g",10218.2766774969,3.07292949611988,0.173898578965442,8.80726851795409e-67,"RCN2","CAL0133192","YOR220W","RCN2","S000005746"
"148","CAGL0J04466g",5731.56773397115,1.28663553079373,0.151114358047231,7.35860877008363e-16,"","CAL0132886","YLR414C","PUN1","S000004406"
"149","CAGL0J04884g",1067.97522291173,1.36080909874462,0.359825921970024,0.000737234909956288,"","CAL0133456","YJL048C","UBX6","S000003584"
"150","CAGL0J05126g",3337.15046054956,1.60913816803642,0.208252601887624,3.17144396889081e-13,"BNA3","CAL0129649","YJL060W","BNA3","S000003596"
"151","CAGL0J05830g",887.340141204636,1.84398719354154,0.191889357315118,6.07434182930023e-20,"","CAL0133550","YNL144C","YNL144C","S000005088"
"152","CAGL0J06908g",1269.96306741102,1.56052998261153,0.206769502734602,1.18420855602776e-12,"","CAL0133642","YPL119C","DBP1","S000006040"
"153","CAGL0J08316g",3832.8874835681,2.10680070499863,0.238288825955591,5.20119687805569e-17,"","CAL0133696","YNL277W","MET2","S000005221"
"154","CAGL0J08415g",9540.52804969449,1.64681827700489,0.199145881280019,5.1030241342099e-15,"SAM2","CAL0133194","YDR502C","SAM2","S000002910"
"155","CAGL0J08437g",5390.76915171942,1.14706766939066,0.173818026490269,6.71678525439773e-10,"","CAL0133600","YDR503C","LPP1","S000002911"
"156","CAGL0J09020g",1397.06509517536,1.0652036551531,0.233634925572602,3.48673275596842e-05,"SNF3","CAL0133546","YDL194W","SNF3","S000002353"
"157","CAGL0J09416g",4546.23446100824,1.48517623156946,0.186582462440291,5.49032721899356e-14,"","CAL0132998","YDL123W","SNA4","S000002281"
"158","CAGL0J10494g",476.818424611902,2.41290446182939,0.23765931616912,3.28998875841431e-22,"","CAL0133712","YDR441C","APT2","S000002849"
"159","CAGL0J10824g",2725.80655947948,1.2169504508765,0.168012308718594,9.92476490595152e-12,"ERG7","CAL0133068","YHR072W","ERG7","S000001114"
"160","CAGL0J11176g",2229.14170939114,1.24628306644909,0.155236814717209,3.25576771398631e-14,"","CAL0133688","YNL176C","TDA7","S000005120"
"161","CAGL0J11484g",1252.73874353036,1.23611334616279,0.245493055759976,3.94921310715828e-06,"DUG3","CAL0133314","YNL191W","DUG3","S000005135"
"162","CAGL0J11506g",3595.33432893593,1.00102696527237,0.180702559378317,3.16103453380281e-07,"","CAL0133366","YNL192W","CHS1","S000005136"
"163","CAGL0J11704g",1186.03959882842,1.39607296879005,0.191707710905906,7.53603838047286e-12,"","CAL0133560","YMR004W","MVP1","S000004606"
"164","CAGL0K00231g",600.886845137187,1.0263486323067,0.198204008914037,1.9810377480777e-06,"","CAL0133793","YKL215C","OXP1","S000001698"
"165","CAGL0K00715g",4809.34309024015,2.81903765954443,0.213014050191519,1.99528569896797e-37,"RTA1","CAL0134951","YGR213C","RTA1","S000003445"
"166","CAGL0K00891g",1225.79334533361,1.47183905537765,0.212008767580528,7.57045583013924e-11,"","CAL0134831","YGR205W","TDA10","S000003437"
"167","CAGL0K01903g",729.592014579619,1.3968944205722,0.230986048884661,1.90754295360328e-08,"","CAL0133955","YDL012C","YDL012C","S000002170"
"168","CAGL0K02651g",176.676657422796,1.38878430090643,0.305023766138995,3.58190661906466e-05,"","CAL0134257","YHL008C","YHL008C","S000001000"
"169","CAGL0K02761g",2509.04860365756,1.29513273967232,0.15124626278526,4.91207554275345e-16,"","CAL0134043","YHL002W","HSE1","S000000994"
"170","CAGL0K03157g",442.08776949323,1.37181402732249,0.310923008504914,6.32777403030478e-05,"DUR31","CAL0133933","YHL016C","DUR3","S000001008"
"171","CAGL0K03377g",4652.26107222702,1.19875958347938,0.142785937718431,1.96807526321591e-15,"","CAL0133829","YMR102C","LAF1","S000004708"
"172","CAGL0K03421g",239.840626510856,1.54004999926276,0.385808640738152,0.000344168659113414,"","CAL0133807","YMR105C","PGM2","S000004711"
"173","CAGL0K03459g",4610.15398100503,1.1710836192374,0.295090420339193,0.000374330165112693,"","CAL0134707","YMR107W","SPG4","S000004713"
"174","CAGL0K03509g",8824.38487309379,1.52463366191163,0.250412898044761,1.50959277486354e-08,"HFD1","CAL0133859","YMR110C","HFD1","S000004716"
"175","CAGL0K03553g",1128.45886903422,1.29244078395616,0.233609433679191,3.26553283107477e-07,"FOL3","CAL0134461","YMR113W","FOL3","S000004719"
"176","CAGL0K03927g",3723.85703905661,1.48439659439116,0.154006919845354,4.66511897737195e-20,"","CAL0134907","YMR134W","ERG29","S000004741"
"177","CAGL0K04037g",5173.13487738734,1.38847552144265,0.217540226358265,2.59372106660562e-09,"FKS2","CAL0134701","YGR032W","GSC2","S000003264"
"178","CAGL0K04169g",7359.0836001491,1.30147105948961,0.208227864314294,5.82887676289495e-09,"","CAL0134719","YGR040W","KSS1","S000003272"
"179","CAGL0K04279g",2731.53178984585,1.13597317062246,0.167104549730114,1.92435596213402e-10,"SCM4","CAL0134775","YGR049W","SCM4","S000003281"
"180","CAGL0K04301g",59.4434907686172,1.45285647093778,0.381571370758604,0.000676841239235909,"","CAL0134307","YGR052W","FMP48","S000003284"
"181","CAGL0K04367g",4337.89720893585,1.3865760105894,0.312060141212835,5.58544644753782e-05,"","CAL0134427","YGR055W","MUP1","S000003287"
"182","CAGL0K04433g",1871.85807621773,1.17318284651591,0.153888636091989,6.82389230443056e-13,"","CAL0134139","YGR058W","PEF1","S000003290"
"183","CAGL0K04477g",35251.1643033992,1.33484602382567,0.211586543098266,4.05822206929912e-09,"ERG25","CAL0134207","YGR060W","ERG25","S000003292"
"184","CAGL0K04719g",2459.9224652873,2.05717586604385,0.15525849681647,1.73736287465156e-37,"","CAL0134367","YNL208W","YNL208W","S000005152"
"185","CAGL0K05247g",292.925111318951,1.23281711710686,0.277829661423845,5.70701999932766e-05,"","CAL0133941","YPR030W","CSR2","S000006234"
"186","CAGL0K05291g",5449.49206651506,1.34145401845539,0.206844001988978,1.38064148621028e-09,"SRO7","CAL0133805","YPR032W","SRO7","S000006236"
"187","CAGL0K06105g",976.709223598322,1.49353139934996,0.210482851344864,2.70622668086075e-11,"","CAL0134203","YLR267W","BOP2","S000004257"
"188","CAGL0K06677g",513.058477849564,2.29044809305724,0.252290670638406,7.14962611197213e-18,"MET8","CAL0134875","YBR213W","MET8","S000000417"
"189","CAGL0K07590g",1861.99237944266,1.15547279628872,0.230389332431431,4.34532060985388e-06,"MYO3","CAL0134555","YKL129C","MYO3","S000001612"
"190","CAGL0K08272g",7013.64236544095,2.11257650614023,0.162015581232028,2.15215164910105e-36,"","CAL0134119","YKR053C","YSR3","S000001761"
"191","CAGL0K08668g",977.887548033338,3.13237275576881,0.224484236482418,1.65166139232534e-41,"MET28","CAL0134269","YIR017C","MET28","S000001456"
"192","CAGL0K08734g",1054.96240133665,1.05286537507526,0.246039722635639,0.000110701377990364,"","CAL0134081","YIR014W","VLD1","S000001453"
"193","CAGL0K08800g",902.483215733427,1.20003414004357,0.217493338761501,3.54050292688427e-07,"ADI1","CAL0134151","YMR009W","ADI1","S000004611"
"194","CAGL0K08932g",123.602499945362,1.43217994825022,0.357896618400503,0.00033391087137625,"","CAL0133967","YOR258W","HNT3","S000005784"
"195","CAGL0K10824g",661.959900226606,3.02949679404125,0.23213853553376,1.97826951833582e-36,"","CAL0134687","YLR149C","GID11","S000004139"
"196","CAGL0K11682g",1117.24336770747,1.04028072089151,0.196608894985962,1.13754449080009e-06,"","CAL0134281","YDR022C","ATG31","S000002429"
"197","CAGL0K12100g",3465.59849828303,1.30581460837343,0.223788335006371,6.31938444047114e-08,"","CAL0133797","YDR044W","HEM13","S000002451"
"198","CAGL0K12760g",1114.93443202017,2.04690613966851,0.199759025652748,1.30187121979215e-22,"","CAL0134365","YFL042C","LAM5","S000001852"
"199","CAGL0K12892g",4809.00057799601,1.96141861251159,0.146899800655381,4.80490372833257e-38,"","CAL0134439","YFL047W","RGD2","S000001847"
"200","CAGL0L00473g",349.386694079419,1.40441759388003,0.232211969185484,1.90691552645338e-08,"","CAL0135676","YMR187C","YMR187C","S000004799"
"201","CAGL0L00561g",30.6296328404636,2.05953604584379,0.654314816372328,0.00587036215752062,"","CAL0135106","YPL232W","SSO1","S000006153"
"202","CAGL0L00715g",1879.76700907697,1.18406714112986,0.188053173304892,4.36904080433474e-09,"","CAL0136128","YIL048W","NEO1","S000001310"
"203","CAGL0L01177g",12784.6059787591,1.0299683190318,0.248515651651841,0.000191354296733887,"FRDS1","CAL0135866","YEL047C","FRD1","S000000773"
"204","CAGL0L01265g",497.2336537405,1.18790530792432,0.287449560176138,0.000201293907806208,"","CAL0135552","YEL041W","YEF1","S000000767"
"205","CAGL0L01705g",1054.44110243871,1.02207561677113,0.210878747834633,9.65083544824511e-06,"","CAL0135016","YKL047W","ANR2","S000001530"
"206","CAGL0L02101g",2944.16543980912,1.08217460102693,0.18478541280914,5.62490845349107e-08,"","CAL0135532","YBR290W","BSD2","S000000494"
"207","CAGL0L02321g",591.874984408524,1.65995210937105,0.186317280900705,2.99002657454225e-17,"","CAL0136040","YKL001C","MET14","S000001484"
"208","CAGL0L02827g",1188.31713814525,1.60608312957522,0.176185860502409,5.21019270218012e-18,"","CAL0135078","YOR208W","PTP2","S000005734"
"209","CAGL0L03135g",3643.17528078879,1.28596398963639,0.154795789137568,3.764133638986e-15,"","CAL0135334","YKR031C","SPO14","S000001739"
"210","CAGL0L03267g",2619.58453062478,1.29556799457451,0.322923209315846,0.00032200152551828,"GAP1","CAL0135508","YKR039W","GAP1","S000001747"
"211","CAGL0L03377g",1433.72894484511,1.04448810573249,0.176661491956557,4.11737357572056e-08,"","CAL0136000","YJL089W","SIP4","S000003625"
"212","CAGL0L03828g",1174.16755087811,2.98618044357395,0.306234053595819,1.65761479074936e-20,"","CAL0135972","YNL111C","CYB5","S000005055"
"213","CAGL0L03938g",821.097126060533,1.26660040658538,0.206213123052318,1.11628120887213e-08,"","CAL0136036","YNL115C","YNL115C","S000005059"
"214","CAGL0L04598g",4633.77672649479,1.57162664321886,0.236324871059143,4.84911149103082e-10,"","CAL0135762","YOR173W","DCS2","S000005699"
"215","CAGL0L04686g",157.93721194619,1.67851290398103,0.305746856977107,4.07585436764119e-07,"","CAL0136092","YGR110W","CLD1","S000003342"
"216","CAGL0L05434g",1891.16655473467,1.66123045977831,0.204978508062152,1.84251510980322e-14,"SUN4","CAL0135718","YJL116C","NCA3","S000003652"
"217","CAGL0L05720g",1420.69399612203,1.94453199799557,0.216189143139528,1.43016371914612e-17,"","CAL0135566","YJL132W","YJL132W","S000003668"
"218","CAGL0L05742g",1065.3266193186,1.19568753062865,0.17449106740273,1.36642674308076e-10,"","CAL0135616","YJL133W","MRS3","S000003669"
"219","CAGL0L06028g",692.003103521167,1.03211561979067,0.280208602581349,0.00105510570257449,"","CAL0135916","YGL181W","GTS1","S000003149"
"220","CAGL0L06094g",3585.48136586325,3.30668958114375,0.174380998492489,8.72488497846644e-77,"STR3","CAL0135454","YGL184C","STR3","S000003152"
"221","CAGL0L06292g",2203.55479060258,1.34276037971304,0.201141660609357,4.16146117515141e-10,"","CAL0135338","YDR100W","TVP15","S000002507"
"222","CAGL0L07744g",3722.82848633413,1.01888591729564,0.191845716409379,1.02997196982004e-06,"ADP1","CAL0135056","YCR011C","ADP1","S000000604"
"223","CAGL0L08426g",519.452266810063,2.39942974202842,0.288127371615717,3.22452032155804e-15,"SUE1","CAL0135372","YPR151C","SUE1","S000006355"
"224","CAGL0L09108g",622.765333573244,1.01044138925521,0.227226087509568,5.5216017887949e-05,"","CAL0136124","YPR002W","PDH1","S000006206"
"225","CAGL0L09251g",7091.56400988991,1.42534228766821,0.232957638067551,1.27469604972998e-08,"","CAL0135768","YPR005C","HAL1","S000006209"
"226","CAGL0L09999g",2213.88181997437,1.22863068885386,0.228741616088752,7.60021484867242e-07,"","CAL0135546","YOR044W","IRC23","S000005570"
"227","CAGL0L10494g",1148.79903361175,1.14482715614592,0.160195727851972,1.95553219956145e-11,"","CAL0135592","YOR070C","GYP1","S000005596"
"228","CAGL0L10714g",18468.8311947227,2.41873584344795,0.214100804387864,1.99497581015758e-27,"ERG2","CAL0135580","YMR202W","ERG2","S000004815"
"229","CAGL0L11110g",1054.1065220046,1.3458623868148,0.176778268615264,7.35020597487946e-13,"CNA1","CAL0136126","YML057W","CMP2","S000004521"
"230","CAGL0L11902g",1021.45280762962,1.60150188271235,0.185923014936857,3.33814549217985e-16,"","CAL0135420","YER170W","ADK2","S000000972"
"231","CAGL0L12012g",1240.28055123258,1.21560487941587,0.32148788993713,0.000738523294465213,"","CAL0136020","YER175C","TMT1","S000000977"
"232","CAGL0L12562g",894.218660846852,1.3278275074993,0.192963323944518,1.13570394261566e-10,"","CAL0136080","YPL038W","MET31","S000005959"
"233","CAGL0M01452g",62.095135446195,1.58299667714027,0.441093706710143,0.00147561409279428,"","CAL0137139","YDR323C","PEP7","S000002731"
"234","CAGL0M01628g",3500.00922362221,1.00430458923713,0.166375819224313,2.0232958327498e-08,"SAC7","CAL0136253","YDR389W","SAC7","S000002797"
"235","CAGL0M02981g",651.485586227827,1.16655499410324,0.249572032579655,2.11622229429018e-05,"","CAL0136359","YMR278W","PRM15","S000004891"
"236","CAGL0M03179g",2859.6507783754,1.10317688244266,0.166470395666226,5.66504632886387e-10,"","CAL0136953","YKR018C","YKR018C","S000001726"
"237","CAGL0M03839g",15069.5659364192,3.27801931241625,0.207536987327554,2.41360107133204e-53,"","CAL0136307","YNL305C","BXI1","S000005249"
"238","CAGL0M04125g",2668.10755940442,2.32407058746792,0.199914677999858,5.47924856196331e-29,"","CAL0137287","YNL320W","YNL320W","S000005264"
"239","CAGL0M04191g",20233.5249034279,2.11330566990341,0.18528594886355,6.32797249470092e-28,"YPS1","CAL0136285","YLR120C","YPS1","S000004110"
"240","CAGL0M04565g",854.02252153954,1.16680743425236,0.214044629021496,5.00814262261066e-07,"","CAL0137433","YLR144C","ACF2","S000004134"
"241","CAGL0M04763g",3791.21278540641,1.18493418456044,0.28285190841714,0.000159764899290793,"","CAL0136345","YOR289W","YOR289W","S000005815"
"242","CAGL0M05049g",11429.9805067221,1.32917976840159,0.155026262038429,4.51161181384247e-16,"","CAL0136343","YMR238W","DFG5","S000004851"
"243","CAGL0M06347g",1644.2194571749,2.3593842022328,0.187834522025807,9.11762466994202e-34,"","CAL0137463","YBR183W","YPC1","S000000387"
"244","CAGL0M06435g",32.4104390949516,2.8243238018926,0.730859774640904,0.000552541774813547,"","CAL0137143","YBR186W","PCH2","S000000390"
"245","CAGL0M06963g",381.020242950751,1.85088670047046,0.275287878240059,3.07393879804991e-10,"SOL2","CAL0136339","YCR073W-A","SOL2","S000000718"
"246","CAGL0M07381g",4166.41729360504,1.10083056748771,0.161396929573982,1.67423868841795e-10,"","CAL0136451","YPL053C","KTR6","S000005974"
"247","CAGL0M07403g",1642.22418429311,2.46268371638357,0.203065822449062,1.6434145152997e-31,"OAZ1","CAL0136773","YPL052W","OAZ1","S000005973"
"248","CAGL0M07612g",13253.8765042154,2.2894963730761,0.294664864256533,2.32795414335741e-13,"","CAL0137497","YMR020W","FMS1","S000004622"
"249","CAGL0M07634g",2345.97958093074,2.34112894187874,0.312209905641741,1.65624271343264e-12,"EFG1","CAL0137219","YMR016C","SOK2","S000004618"
"250","CAGL0M07656g",39823.6842042233,1.67674212110755,0.185772577141093,1.11647739267563e-17,"ERG5","CAL0137223","YMR015C","ERG5","S000004617"
"251","CAGL0M08822g",1350.01023444273,1.03814059794423,0.237274012088237,7.43092989163026e-05,"HSP78","CAL0136887","YDR258C","HSP78","S000002666"
"252","CAGL0M09020g",598.309524093503,1.45882139156341,0.279775357544498,1.66463206959146e-06,"","CAL0136871","YJR095W","SFC1","S000003856"
"253","CAGL0M10417g",407.093550357769,1.88264276725805,0.295450938206689,2.75341637824933e-09,"","CAL0137457","YDR003W","RCR2","S000002410"
"254","CAGL0M11440g",220.445693277956,1.45798153213861,0.343684350502036,0.000129134061377834,"","CAL0136667","YLR098C","CHA4","S000004088"
"255","CAGL0M11462g",5048.41948602652,1.58319584233793,0.17775037703961,3.02105163156877e-17,"","CAL0136795","YLR099C","ICT1","S000004089"
"256","CAGL0M11902g",2894.37965950379,1.81442160094016,0.224163576390287,1.9902722082122e-14,"","CAL0137225","YAL034C","FUN19","S000002134"
"257","CAGL0M12320g",7455.12534490194,1.8602226489815,0.160588829990154,8.59851204083895e-29,"","CAL0136221","YAL053W","FLC2","S000000049"
"258","CAGL0M12474g",1953.85158450277,1.29824036844689,0.264473246393877,7.1572366417958e-06,"","CAL0136867","YIL055C","YIL055C","S000001317"
"259","CAGL0M12551g",1465.58232106141,2.4583056284452,0.220395932131952,9.5936295121339e-27,"","CAL0136579","YIL057C","RGI2","S000001319"
"260","CAGL0M12969g",2917.58512876153,1.07450508124378,0.318065451493578,0.00295213721737505,"","CAL0136727","YIL077C","RCI37","S000001339"
"261","CAGL0M13783g",3775.55052989956,1.06745335706441,0.181115922411165,4.57179715187326e-08,"","CAL0136737","YMR304W","UBP15","S000004920"
