HOG	OG	Gene Tree Parent Clade	BG2_protein	CBS138_protein	sacCer_protein
N1.HOG0000000	OG0000001	n1	QNG13052.1	XP_445700.1	
N1.HOG0000001	OG0000001	n3	QNG15956.1	XP_447262.1	
N1.HOG0000002	OG0000001	n9	QNG16708.1	XP_449350.1	
N1.HOG0000003	OG0000001	n10	QNG15394.1	XP_448232.1	
N1.HOG0000004	OG0000001	n11	QNG12108.1, QNG12752.1		
N1.HOG0000005	OG0000001	n14	QNG13322.1	XP_445979.1	
N1.HOG0000006	OG0000001	n15	QNG14606.1, QNG13050.1, QNG12527.1	XP_445189.1	
N1.HOG0000007	OG0000001	n18	QNG14878.1, QNG14879.1, QNG12107.1, QNG13323.1	XP_445980.1	
N1.HOG0000008	OG0000001	n26	QNG15398.1	XP_002999576.1	
N1.HOG0000009	OG0000001	n27	QNG13324.1	XP_445981.1	
N1.HOG0000010	OG0000001	n28	QNG16706.1, QNG17326.1		
N1.HOG0000011	OG0000001	n30	QNG16704.1	XP_449348.1	
N1.HOG0000012	OG0000001	n31	QNG12557.1	XP_445219.1	
N1.HOG0000013	OG0000006	n1	QNG12741.1, QNG15599.1	XP_448432.1, XP_445408.1	
N1.HOG0000014	OG0000006	n7	QNG12893.1	XP_445544.1	
N1.HOG0000015	OG0000006	n10	QNG13867.1	XP_446529.1	
N1.HOG0000016	OG0000006	n13	QNG13844.1	XP_446506.1	
N1.HOG0000017	OG0000007	n0	QNG14851.1	XP_447690.2, XP_002999571.1, XP_447689.1, XP_002999565.1, XP_002999564.1, XP_002999563.1, XP_449203.2, XP_446806.1, XP_446805.1, XP_447260.1, XP_002999584.1, XP_002999534.1, XP_445761.1, XP_002999597.1, XP_002999598.1, XP_445192.1	
N1.HOG0000018	OG0000008	n1	QNG12177.1		
N1.HOG0000019	OG0000008	n3	QNG12194.1, QNG12195.1, QNG12135.1		
N1.HOG0000020	OG0000008	n7	QNG12179.1		
N1.HOG0000021	OG0000008	n8	QNG12198.1, QNG12178.1		
N1.HOG0000022	OG0000008	n11	QNG15959.1, QNG12879.1, QNG12880.1		
N1.HOG0000023	OG0000009	n1	QNG14546.1	XP_447201.1	
N1.HOG0000024	OG0000009	n4	QNG12683.1	XP_445350.1	
N1.HOG0000025	OG0000009	n6	QNG14547.1	XP_447202.1	
N1.HOG0000026	OG0000009	n7	QNG12682.1	XP_445348.1, XP_445347.1, XP_445349.1, XP_445346.1	
N1.HOG0000027	OG0000009	n11	QNG12438.1, QNG12685.1	XP_445352.1	
N1.HOG0000028	OG0000010	n1	QNG12756.1	XP_002999585.1	
N1.HOG0000029	OG0000010	n5	QNG12526.1, QNG16707.1		
N1.HOG0000030	OG0000010	n7	QNG12312.1, QNG15396.1	XP_448233.1	
N1.HOG0000031	OG0000010	n9	QNG14140.1, QNG14880.1, QNG15395.1	XP_002999542.1	
N1.HOG0000032	OG0000011	n1	QNG16285.1	XP_449106.1	
N1.HOG0000033	OG0000011	n7	QNG15643.1	XP_448476.1	
N1.HOG0000034	OG0000011	n8	QNG12349.1	XP_445015.1	
N1.HOG0000035	OG0000011	n10	QNG14508.1	XP_447164.1	
N1.HOG0000036	OG0000012	n0	QNG16564.1, QNG12530.1, QNG12755.1, QNG13049.1, QNG14848.1, QNG16703.1, QNG15955.1, QNG13707.1, QNG12754.1, QNG12311.1, QNG14139.1		
N1.HOG0000037	OG0000013	n1	QNG16199.1, QNG14316.1, QNG14317.1, QNG14319.1, QNG14321.1, QNG14318.1, QNG14320.1	XP_446980.1	
N1.HOG0000038	OG0000013	n8	QNG16198.1	XP_002999586.1, XP_446981.1	
N1.HOG0000039	OG0000014	n1	QNG12434.1	XP_445098.1	
N1.HOG0000040	OG0000014	n4	QNG12435.1	XP_445099.1	
N1.HOG0000041	OG0000014	n6	QNG12437.1	XP_445101.1	
N1.HOG0000042	OG0000014	n7	QNG12433.1	XP_445097.1	
N1.HOG0000043	OG0000014	n8	QNG12436.1	XP_445100.1	
N1.HOG0000044	OG0000015	n1	QNG16316.1	XP_449074.1	
N1.HOG0000045	OG0000015	n7	QNG13829.1	XP_446491.1	
N1.HOG0000046	OG0000015	n8	QNG17053.1	XP_449691.1	
N1.HOG0000047	OG0000016	n1	QNG15303.1	XP_448141.1	
N1.HOG0000048	OG0000016	n5	QNG16474.1	XP_448915.1	
N1.HOG0000049	OG0000016	n7	QNG14072.1	XP_446739.1	
N1.HOG0000050	OG0000017	n0	QNG15054.1	XP_447893.1	
N1.HOG0000051	OG0000018	n3	QNG16542.1	XP_449187.1	
N1.HOG0000052	OG0000018	n5	QNG15861.1	XP_448689.1	
N1.HOG0000053	OG0000018	n6	QNG16033.1	XP_447339.1	
N1.HOG0000054	OG0000018	n7	QNG16058.1	XP_447364.1	
N1.HOG0000055	OG0000019	n0		XP_444803.1, XP_444860.1, XP_444861.1, XP_444843.1, XP_444844.1, XP_444865.1, XP_444845.2, XP_447265.1, XP_445530.1, XP_445531.1	
N1.HOG0000056	OG0000021	n1	QNG12521.1	XP_445184.1	
N1.HOG0000057	OG0000021	n4	QNG12792.1	XP_445447.1	
N1.HOG0000058	OG0000021	n6	QNG14288.1	XP_446953.1	
N1.HOG0000059	OG0000022	n5	QNG12529.1	XP_445191.1	
N1.HOG0000060	OG0000022	n6	QNG14616.1	XP_448803.1	
N1.HOG0000061	OG0000022	n7	QNG14994.1	XP_447832.1	
N1.HOG0000062	OG0000023	n1	QNG15385.1	XP_448224.1	
N1.HOG0000063	OG0000023	n4	QNG13141.1	XP_445790.1	
N1.HOG0000064	OG0000023	n6	QNG15386.1	XP_448225.1	
N1.HOG0000065	OG0000024	n3	QNG15568.1	XP_448401.1	
N1.HOG0000066	OG0000024	n4	QNG13744.1	XP_446406.1	
N1.HOG0000067	OG0000024	n6	QNG17312.1	XP_449945.1	
N1.HOG0000068	OG0000025	n1	QNG13910.1	XP_446574.1	
N1.HOG0000069	OG0000025	n5	QNG16084.1	XP_447392.1	
N1.HOG0000070	OG0000025	n6	QNG16013.1	XP_447319.1	
N1.HOG0000071	OG0000027	n1	QNG14100.1	XP_446765.1	
N1.HOG0000072	OG0000027	n5	QNG12479.1	XP_445142.1	
N1.HOG0000073	OG0000027	n6	QNG12480.1	XP_445143.1	
N1.HOG0000074	OG0000028	n1	QNG13208.1	XP_445860.1	
N1.HOG0000075	OG0000028	n4	QNG12656.1	XP_445319.1	
N1.HOG0000076	OG0000029	n1	QNG14571.1, QNG12687.1		
N1.HOG0000077	OG0000029	n3	QNG16999.1	XP_445354.1, XP_449637.1, XP_447226.1	
N1.HOG0000078	OG0000030	n3	QNG17000.1, QNG14570.1	XP_445355.1	
N1.HOG0000079	OG0000030	n5	QNG12688.1	XP_447225.1, XP_449638.1	
N1.HOG0000080	OG0000031	n3	QNG13714.1	XP_446377.1	
N1.HOG0000081	OG0000031	n4	QNG17313.1	XP_449946.1	
N1.HOG0000082	OG0000031	n5	QNG13745.1	XP_446407.1	
N1.HOG0000083	OG0000032	n1	QNG16519.1	XP_449164.1	
N1.HOG0000084	OG0000032	n5	QNG13774.1	XP_446436.1	
N1.HOG0000085	OG0000032	n6	QNG13828.1	XP_446490.1	
N1.HOG0000086	OG0000033	n2	QNG12157.1	XP_444824.1	
N1.HOG0000087	OG0000033	n3	QNG14608.1	XP_445420.1	
N1.HOG0000088	OG0000034	n1	QNG12407.1	XP_445072.1	
N1.HOG0000089	OG0000034	n3	QNG16835.1	XP_449477.1	
N1.HOG0000090	OG0000035	n1	QNG13430.1	XP_446088.1	
N1.HOG0000091	OG0000035	n3	QNG16780.1	XP_449421.1	
N1.HOG0000092	OG0000036	n1	QNG14086.1	XP_446753.1	
N1.HOG0000093	OG0000036	n3	QNG17073.1	XP_449711.1	
N1.HOG0000094	OG0000037	n1	QNG14893.1	XP_447731.1	
N1.HOG0000095	OG0000037	n3	QNG14105.1	XP_446770.1	
N1.HOG0000096	OG0000038	n2	QNG14561.1	XP_447215.1	
N1.HOG0000097	OG0000038	n3	QNG14560.1	XP_447216.1	
N1.HOG0000098	OG0000039	n2	QNG17076.1	XP_449714.1	
N1.HOG0000099	OG0000039	n4	QNG14678.1	XP_447519.1	
N1.HOG0000100	OG0000039	n5	QNG14679.1	XP_447520.1	
N1.HOG0000101	OG0000040	n4	QNG14937.1	XP_447774.1	
N1.HOG0000102	OG0000040	n5	QNG14750.1	XP_447590.1	
N1.HOG0000103	OG0000041	n1	QNG15709.1	XP_448539.1	
N1.HOG0000104	OG0000041	n4	QNG14838.1	XP_447677.1	
N1.HOG0000105	OG0000042	n1	QNG15031.1	XP_447870.1	
N1.HOG0000106	OG0000042	n3	QNG15038.1	XP_447877.1	
N1.HOG0000107	OG0000043	n4	QNG15810.1	XP_448640.1	
N1.HOG0000108	OG0000043	n5	QNG15505.1	XP_448339.1	
N1.HOG0000109	OG0000044	n3	QNG15720.1	XP_448550.1	
N1.HOG0000110	OG0000044	n4	QNG15719.1	XP_448549.1	
N1.HOG0000111	OG0000044	n5	QNG15718.1	XP_448548.1	
N1.HOG0000112	OG0000045	n1	QNG16695.1	XP_449340.1	
N1.HOG0000113	OG0000045	n3	QNG15942.1	XP_448771.1	
N1.HOG0000114	OG0000046	n1	QNG16154.1	XP_447461.1	
N1.HOG0000115	OG0000046	n3	QNG17028.1	XP_449665.1	
N1.HOG0000116	OG0000047	n2	QNG16335.1	XP_449054.1	
N1.HOG0000117	OG0000047	n3	QNG17219.1	XP_449851.1	
N1.HOG0000118	OG0000048	n1	QNG16678.1	XP_449323.1	
N1.HOG0000119	OG0000048	n3	QNG16390.1	XP_448998.1	
N1.HOG0000120	OG0000049	n0		NP_818777.1	
N1.HOG0000121	OG0000051	n1	QNG12176.1	XP_444842.1	
N1.HOG0000122	OG0000051	n3	QNG12193.1	XP_444859.1	
N1.HOG0000123	OG0000052	n1	QNG15999.1	XP_447305.1	
N1.HOG0000124	OG0000052	n3	QNG12207.1	XP_444874.1	
N1.HOG0000125	OG0000053	n1	QNG12221.1	XP_444888.1	
N1.HOG0000126	OG0000053	n3	QNG15996.1	XP_447302.1	
N1.HOG0000127	OG0000054	n2	QNG14647.1	XP_447489.1	
N1.HOG0000128	OG0000054	n3	QNG12296.1	XP_444962.1	
N1.HOG0000129	OG0000055	n3	QNG14472.1	XP_447127.1	
N1.HOG0000130	OG0000055	n4	QNG12310.1	XP_444978.1	
N1.HOG0000131	OG0000056	n0	QNG12315.1	XP_445025.1, XP_444981.1	
N1.HOG0000132	OG0000057	n1	QNG12350.1	XP_445016.1	
N1.HOG0000133	OG0000057	n3	QNG15240.1	XP_448077.1	
N1.HOG0000134	OG0000058	n1	QNG12352.1	XP_445018.1	
N1.HOG0000135	OG0000058	n3	QNG15238.1	XP_448075.1	
N1.HOG0000136	OG0000059	n1	QNG12388.1	XP_445053.1	
N1.HOG0000137	OG0000059	n3	QNG17203.1	XP_449836.1	
N1.HOG0000138	OG0000060	n1	QNG14615.1	XP_448802.1	
N1.HOG0000139	OG0000060	n3	QNG12424.1	XP_445089.1	
N1.HOG0000140	OG0000061	n1	QNG12430.1	XP_445094.1	
N1.HOG0000141	OG0000061	n3	QNG15583.1	XP_448416.1	
N1.HOG0000142	OG0000062	n1	QNG15648.1	XP_448480.1	
N1.HOG0000143	OG0000062	n3	QNG12454.1	XP_445120.1	
N1.HOG0000144	OG0000063	n2	QNG12487.1	XP_445150.1	
N1.HOG0000145	OG0000063	n3	QNG13833.1	XP_446495.1	
N1.HOG0000146	OG0000064	n1	QNG12497.1	XP_445160.1	
N1.HOG0000147	OG0000064	n3	QNG16151.1	XP_447458.1	
N1.HOG0000148	OG0000065	n0	QNG12531.1	XP_445193.1	
N1.HOG0000149	OG0000066	n1	QNG13648.1	XP_446310.1	
N1.HOG0000150	OG0000066	n3	QNG12561.1	XP_445226.1	
N1.HOG0000151	OG0000067	n1	QNG12585.1	XP_445248.1	
N1.HOG0000152	OG0000067	n3	QNG14826.1	XP_447665.1	
N1.HOG0000153	OG0000068	n1	QNG13854.1	XP_446516.1	
N1.HOG0000154	OG0000068	n3	QNG12593.1	XP_445257.1	
N1.HOG0000155	OG0000069	n1	QNG12643.1	XP_445306.1	
N1.HOG0000156	OG0000069	n3	QNG13581.1	XP_446243.1	
N1.HOG0000157	OG0000070	n1	QNG12665.1	XP_445328.1	
N1.HOG0000158	OG0000070	n3	QNG13057.1	XP_445706.1	
N1.HOG0000159	OG0000071	n3	QNG12696.1	XP_445364.1	
N1.HOG0000160	OG0000071	n4	QNG17164.1	XP_449801.1	
N1.HOG0000161	OG0000072	n2	QNG15886.1	XP_448713.1	
N1.HOG0000162	OG0000072	n3	QNG12699.1	XP_445367.1	
N1.HOG0000163	OG0000073	n1	QNG16367.1	XP_449022.1	
N1.HOG0000164	OG0000073	n3	QNG12719.1	XP_445387.1	
N1.HOG0000165	OG0000074	n1	QNG12726.1	XP_445393.1	
N1.HOG0000166	OG0000074	n3	QNG15466.1	XP_448301.1	
N1.HOG0000167	OG0000075	n1	QNG12730.1	XP_445397.1	
N1.HOG0000168	OG0000075	n3	QNG15463.1	XP_448298.1	
N1.HOG0000169	OG0000076	n1	QNG13531.1	XP_446194.1	
N1.HOG0000170	OG0000076	n3	QNG12776.1	XP_445431.1	
N1.HOG0000171	OG0000077	n0	QNG12811.1, QNG15731.1	XP_445466.1, XP_448561.1	
N1.HOG0000172	OG0000078	n1	QNG12839.1	XP_445493.1	
N1.HOG0000173	OG0000078	n3	QNG15481.1	XP_448316.1	
N1.HOG0000174	OG0000079	n1	QNG12907.1	XP_445558.1	
N1.HOG0000175	OG0000079	n3	QNG13002.1	XP_445651.1	
N1.HOG0000176	OG0000080	n1	QNG14195.1	XP_446861.1	
N1.HOG0000177	OG0000080	n3	QNG12934.1	XP_445585.1	
N1.HOG0000178	OG0000081	n2	QNG12943.1	XP_445594.1	
N1.HOG0000179	OG0000081	n3	QNG17271.1	XP_449905.1	
N1.HOG0000180	OG0000082	n1	QNG15327.1	XP_448166.1	
N1.HOG0000181	OG0000082	n3	QNG12951.1	XP_445602.2	
N1.HOG0000182	OG0000083	n3	QNG12976.1	XP_445625.1	
N1.HOG0000183	OG0000083	n4	QNG14867.1	XP_447707.1	
N1.HOG0000184	OG0000084	n1	QNG13032.1	XP_445680.1	
N1.HOG0000185	OG0000084	n3	QNG13181.1	XP_445832.1	
N1.HOG0000186	OG0000085	n1	QNG13036.1	XP_445684.1	
N1.HOG0000187	OG0000085	n3	QNG13417.1	XP_446075.1	
N1.HOG0000188	OG0000086	n1	QNG13047.1	XP_445696.1	
N1.HOG0000189	OG0000086	n3	QNG15005.1	XP_447844.1	
N1.HOG0000190	OG0000087	n1	QNG16869.1	XP_449509.1	
N1.HOG0000191	OG0000087	n3	QNG13131.1	XP_445781.1	
N1.HOG0000192	OG0000088	n1	QNG13183.1	XP_445834.1	
N1.HOG0000193	OG0000088	n3	QNG16336.1	XP_449053.1	
N1.HOG0000194	OG0000089	n2	QNG13237.1	XP_445889.1	
N1.HOG0000195	OG0000089	n3	QNG16783.1	XP_449424.1	
N1.HOG0000196	OG0000090	n2	QNG13253.1	XP_445905.1	
N1.HOG0000197	OG0000090	n3	QNG14075.1	XP_446742.1	
N1.HOG0000198	OG0000091	n2	QNG13292.1	XP_445947.1	
N1.HOG0000199	OG0000091	n3	QNG14530.1	XP_447185.1	
N1.HOG0000200	OG0000092	n1	QNG14527.1	XP_447182.1	
N1.HOG0000201	OG0000092	n3	QNG13295.1	XP_445950.1	
N1.HOG0000202	OG0000093	n1	QNG13305.1	XP_445960.2	
N1.HOG0000203	OG0000093	n3	QNG14888.1	XP_447726.1	
N1.HOG0000204	OG0000094	n1	QNG15412.1	XP_448247.1	
N1.HOG0000205	OG0000094	n3	QNG13340.1	XP_445995.1	
N1.HOG0000206	OG0000095	n1	QNG13973.1	XP_446637.1	
N1.HOG0000207	OG0000095	n3	QNG13348.1	XP_446003.1	
N1.HOG0000208	OG0000096	n1	QNG13352.1	XP_446007.1	
N1.HOG0000209	OG0000096	n3	QNG15250.1	XP_448088.1	
N1.HOG0000210	OG0000097	n1	QNG14409.1	XP_447067.1	
N1.HOG0000211	OG0000097	n3	QNG13357.1	XP_446013.1	
N1.HOG0000212	OG0000098	n1	QNG14411.1	XP_447069.1	
N1.HOG0000213	OG0000098	n3	QNG13360.1	XP_446016.1	
N1.HOG0000214	OG0000099	n1	QNG16764.1	XP_449405.1	
N1.HOG0000215	OG0000099	n3	QNG13455.1	XP_446112.1	
N1.HOG0000216	OG0000100	n1	QNG13460.1	XP_446118.1	
N1.HOG0000217	OG0000100	n3	QNG15159.1	XP_447996.1	
N1.HOG0000218	OG0000101	n1	QNG15161.1	XP_447998.1	
N1.HOG0000219	OG0000101	n3	QNG13462.1	XP_446120.1	
N1.HOG0000220	OG0000102	n1	QNG13466.1	XP_446125.1	
N1.HOG0000221	OG0000102	n3	QNG15781.1	XP_448611.1	
N1.HOG0000222	OG0000103	n1	QNG15850.1	XP_448679.1	
N1.HOG0000223	OG0000103	n3	QNG13513.1	XP_446176.1	
N1.HOG0000224	OG0000104	n3	QNG14844.1	XP_447683.1	
N1.HOG0000225	OG0000104	n4	QNG13520.1	XP_446183.1	
N1.HOG0000226	OG0000105	n2	QNG16396.1	XP_448992.1	
N1.HOG0000227	OG0000105	n3	QNG13580.1	XP_446242.1	
N1.HOG0000228	OG0000106	n3	QNG13609.1	XP_446270.1	
N1.HOG0000229	OG0000106	n4	QNG15687.1	XP_448518.1	
N1.HOG0000230	OG0000107	n1	QNG13654.1	XP_446316.1	
N1.HOG0000231	OG0000107	n3	QNG16036.1	XP_447342.1	
N1.HOG0000232	OG0000108	n1	QNG13657.1	XP_446319.1	
N1.HOG0000233	OG0000108	n3	QNG16039.1	XP_447345.1	
N1.HOG0000234	OG0000109	n2	QNG13666.1	XP_446328.1	
N1.HOG0000235	OG0000109	n3	QNG16054.1	XP_447360.1	
N1.HOG0000236	OG0000110	n3	QNG13716.1	XP_446378.1	
N1.HOG0000237	OG0000110	n4	QNG17311.1	XP_449944.1	
N1.HOG0000238	OG0000111	n1	QNG15637.1	XP_448470.1	
N1.HOG0000239	OG0000111	n3	QNG13803.1	XP_446465.1	
N1.HOG0000240	OG0000112	n1	QNG14425.1	XP_447083.1	
N1.HOG0000241	OG0000112	n3	QNG13811.1	XP_446473.1	
N1.HOG0000242	OG0000113	n1	QNG13842.1	XP_446504.1	
N1.HOG0000243	OG0000113	n3	QNG16843.1	XP_449485.1	
N1.HOG0000244	OG0000114	n3	QNG13987.1	XP_446653.1	
N1.HOG0000245	OG0000114	n4	QNG13902.1	XP_446566.1	
N1.HOG0000246	OG0000115	n1	QNG13966.1	XP_446629.1	
N1.HOG0000247	OG0000115	n3	QNG15125.1	XP_447964.1	
N1.HOG0000248	OG0000116	n1	QNG13978.1	XP_446643.1	
N1.HOG0000249	OG0000116	n3	QNG16456.1	XP_448934.1	
N1.HOG0000250	OG0000117	n3	QNG15663.1	XP_448495.1	
N1.HOG0000251	OG0000117	n4	QNG14009.1	XP_446677.1	
N1.HOG0000252	OG0000118	n1	QNG14048.1	XP_446714.1	
N1.HOG0000253	OG0000118	n3	QNG16638.1	XP_449281.1	
N1.HOG0000254	OG0000119	n1	QNG14065.1	XP_446731.1	
N1.HOG0000255	OG0000119	n3	QNG16705.1	XP_449349.1	
N1.HOG0000256	OG0000119	n4	QNG17325.1	XP_449958.1	
N1.HOG0000257	OG0000120	n1	QNG14076.1	XP_446743.1	
N1.HOG0000258	OG0000120	n3	QNG16917.1	XP_449556.1	
N1.HOG0000259	OG0000121	n3	QNG15968.1	XP_447274.1	
N1.HOG0000260	OG0000121	n4	QNG14108.1	XP_446773.1	
N1.HOG0000261	OG0000122	n1	QNG14212.1	XP_446877.1	
N1.HOG0000262	OG0000122	n3	QNG14541.1	XP_447196.1	
N1.HOG0000263	OG0000123	n1	QNG14542.1	XP_447197.1	
N1.HOG0000264	OG0000123	n3	QNG14214.1	XP_446879.1	
N1.HOG0000265	OG0000124	n1	QNG14370.1	XP_447029.1	
N1.HOG0000266	OG0000124	n3	QNG14985.1	XP_447823.1	
N1.HOG0000267	OG0000125	n2	QNG16992.1	XP_449630.1	
N1.HOG0000268	OG0000125	n3	QNG14376.1	XP_447035.1	
N1.HOG0000269	OG0000126	n3	QNG16983.1	XP_449621.1	
N1.HOG0000270	OG0000126	n4	QNG14382.1	XP_447041.1	
N1.HOG0000271	OG0000127	n1	QNG17097.1	XP_449735.1	
N1.HOG0000272	OG0000127	n3	QNG14502.1	XP_447158.1	
N1.HOG0000273	OG0000128	n1	QNG14553.1	XP_447208.1	
N1.HOG0000274	OG0000128	n3	QNG14933.1	XP_447770.1	
N1.HOG0000275	OG0000129	n3	QNG15904.1	XP_448732.1	
N1.HOG0000276	OG0000129	n4	QNG14580.1	XP_447235.1	
N1.HOG0000277	OG0000130	n1	QNG14641.1	XP_447483.1	
N1.HOG0000278	OG0000130	n3	QNG15878.1	XP_448705.1	
N1.HOG0000279	OG0000131	n1	QNG14662.1	XP_447504.1	
N1.HOG0000280	OG0000131	n3	QNG16587.1	XP_449230.1	
N1.HOG0000281	OG0000132	n1	QNG17143.1	XP_449781.1	
N1.HOG0000282	OG0000132	n3	QNG14753.1	XP_447593.1	
N1.HOG0000283	OG0000133	n1	QNG15954.1	XP_448783.1	
N1.HOG0000284	OG0000133	n3	QNG14845.1	XP_447684.1	
N1.HOG0000285	OG0000133	n4	QNG14946.1	XP_002999567.1	
N1.HOG0000286	OG0000134	n1	QNG16814.1	XP_449456.1	
N1.HOG0000287	OG0000134	n3	QNG15034.1	XP_447873.1	
N1.HOG0000288	OG0000135	n1	QNG15036.1	XP_447875.1	
N1.HOG0000289	OG0000135	n3	QNG16811.1	XP_449452.1	
N1.HOG0000290	OG0000136	n1	QNG16818.1	XP_449460.1	
N1.HOG0000291	OG0000136	n3	QNG15041.1	XP_447880.1	
N1.HOG0000292	OG0000137	n1	QNG15273.1	XP_448111.1	
N1.HOG0000293	OG0000137	n3	QNG15148.1	XP_447985.1	
N1.HOG0000294	OG0000138	n1	QNG16491.1	XP_448898.1	
N1.HOG0000295	OG0000138	n3	QNG15169.1	XP_448006.1	
N1.HOG0000296	OG0000139	n1	QNG15216.1	XP_448053.1	
N1.HOG0000297	OG0000139	n3	QNG16031.1	XP_447337.1	
N1.HOG0000298	OG0000140	n1	QNG15228.1	XP_448064.1	
N1.HOG0000299	OG0000140	n3	QNG15227.1	XP_448063.1	
N1.HOG0000300	OG0000141	n1	QNG15263.1	XP_448101.1	
N1.HOG0000301	OG0000141	n3	QNG16109.1	XP_447417.1	
N1.HOG0000302	OG0000142	n1	QNG15265.1	XP_448103.1	
N1.HOG0000303	OG0000142	n3	QNG16111.1	XP_447419.1	
N1.HOG0000304	OG0000143	n3	QNG16258.1	XP_449129.1	
N1.HOG0000305	OG0000143	n4	QNG15418.1	XP_448253.1	
N1.HOG0000306	OG0000144	n1	QNG16777.1	XP_449418.1	
N1.HOG0000307	OG0000144	n3	QNG15429.1	XP_448264.1	
N1.HOG0000308	OG0000145	n1	QNG15510.1	XP_448344.1	
N1.HOG0000309	OG0000145	n3	QNG17153.1	XP_449791.1	
N1.HOG0000310	OG0000146	n1	QNG15716.1	XP_448545.1	
N1.HOG0000311	OG0000146	n3	QNG15538.1	XP_448372.1	
N1.HOG0000312	OG0000147	n1	QNG15539.1	XP_448373.1	
N1.HOG0000313	OG0000147	n3	QNG15717.1	XP_448546.1	
N1.HOG0000314	OG0000148	n1	QNG15721.1	XP_448551.1	
N1.HOG0000315	OG0000148	n3	QNG15543.1	XP_448376.1	
N1.HOG0000316	OG0000149	n2	QNG15592.1	XP_448425.1	
N1.HOG0000317	OG0000149	n3	QNG16259.1	XP_002999595.1	
N1.HOG0000318	OG0000150	n1	QNG15651.1	XP_448483.1	
N1.HOG0000319	OG0000150	n3	QNG16416.1	XP_448973.1	
N1.HOG0000320	OG0000151	n1	QNG16130.1	XP_447437.1	
N1.HOG0000321	OG0000151	n3	QNG15751.1	XP_448581.1	
N1.HOG0000322	OG0000152	n1	QNG16692.1	XP_449337.1	
N1.HOG0000323	OG0000152	n3	QNG15806.1	XP_448636.1	
N1.HOG0000324	OG0000153	n1	QNG16006.1	XP_447312.1	
N1.HOG0000325	OG0000153	n3	QNG16173.1	XP_448824.1	
N1.HOG0000326	OG0000154	n3	QNG16849.1	XP_002999600.1	
N1.HOG0000327	OG0000154	n4	QNG16266.1	XP_449124.2	
N1.HOG0000328	OG0000155	n3	QNG16276.1	XP_449115.1	
N1.HOG0000329	OG0000155	n4	QNG16857.1	XP_449497.1	
N1.HOG0000330	OG0000156	n1	QNG16334.1	XP_449055.1	
N1.HOG0000331	OG0000156	n3	QNG17217.1	XP_449849.1	
N1.HOG0000332	OG0000157	n2	QNG16649.1	XP_449292.1	
N1.HOG0000333	OG0000157	n3	QNG16342.1	XP_449048.1	
N1.HOG0000334	OG0000158	n0	QNG16415.1	XP_448974.1	
N1.HOG0000335	OG0000159	n1	QNG16624.1	XP_449267.1	
N1.HOG0000336	OG0000159	n3	QNG16731.1	XP_449373.1	
N1.HOG0000337	OG0000160	n1	QNG17029.1	XP_449666.1	
N1.HOG0000338	OG0000160	n3	QNG16952.1	XP_449590.1	
N1.HOG0000339	OG0000161	n3	QNG17216.1	XP_449848.1	
N1.HOG0000340	OG0000161	n4	QNG17251.1	XP_449883.1	
N1.HOG0000341	OG0000163	n1	QNG12132.1	XP_446673.1	
N1.HOG0000342	OG0000163	n2	QNG12983.1, QNG12133.1	XP_022456058.1	
N1.HOG0000343	OG0000164	n0	QNG12160.1, QNG12162.1	XP_002999511.1, XP_444828.1	
N1.HOG0000344	OG0000165	n2	QNG12165.1	XP_444831.1	
N1.HOG0000345	OG0000165	n3	QNG13167.1	XP_445816.1	
N1.HOG0000346	OG0000166	n2	QNG12205.1	XP_444872.1	
N1.HOG0000347	OG0000166	n3	QNG16628.1	XP_449271.1	
N1.HOG0000348	OG0000167	n2	QNG12208.1	XP_444875.1	
N1.HOG0000349	OG0000167	n3	QNG16000.1	XP_447306.1	
N1.HOG0000350	OG0000168	n2	QNG16162.1	XP_447469.1	
N1.HOG0000351	OG0000168	n3	QNG12288.1	XP_444954.1	
N1.HOG0000352	OG0000169	n0	QNG12314.1	XP_445024.2, XP_444980.2	
N1.HOG0000353	OG0000170	n2	QNG15582.1	XP_448415.1	
N1.HOG0000354	OG0000170	n3	QNG12431.1	XP_445095.2	
N1.HOG0000355	OG0000171	n2	QNG13155.1	XP_445804.1	
N1.HOG0000356	OG0000171	n3	QNG12464.1	XP_445129.1	
N1.HOG0000357	OG0000172	n2	QNG12498.1	XP_445161.1	
N1.HOG0000358	OG0000172	n3	QNG16153.1	XP_447460.1	
N1.HOG0000359	OG0000173	n2	QNG12509.1	XP_445172.1	
N1.HOG0000360	OG0000173	n3	QNG13901.1	XP_446565.1	
N1.HOG0000361	OG0000174	n2	QNG17156.1	XP_449793.1	
N1.HOG0000362	OG0000174	n3	QNG12512.1	XP_445175.2	
N1.HOG0000363	OG0000175	n2	QNG12806.1	XP_445461.1	
N1.HOG0000364	OG0000175	n3	QNG12569.1	XP_445233.1	
N1.HOG0000365	OG0000176	n2	QNG12571.1	XP_445235.1	
N1.HOG0000366	OG0000176	n3	QNG12807.1	XP_445462.1	
N1.HOG0000367	OG0000177	n0	QNG12586.1	XP_445249.1	
N1.HOG0000368	OG0000178	n0	QNG12589.1	XP_445252.1	
N1.HOG0000369	OG0000179	n2	QNG13472.1	XP_446131.1	
N1.HOG0000370	OG0000179	n3	QNG12641.1	XP_445303.1	
N1.HOG0000371	OG0000180	n2	QNG12653.1	XP_445316.1	
N1.HOG0000372	OG0000180	n3	QNG13202.1	XP_445854.1	
N1.HOG0000373	OG0000181	n2	QNG12655.1	XP_445318.1	
N1.HOG0000374	OG0000181	n3	QNG13204.1	XP_445856.1	
N1.HOG0000375	OG0000182	n2	QNG12671.1	XP_445334.1	
N1.HOG0000376	OG0000182	n3	QNG13063.1	XP_445712.1	
N1.HOG0000377	OG0000183	n2	QNG15467.1	XP_448302.1	
N1.HOG0000378	OG0000183	n3	QNG12725.1	XP_445392.1	
N1.HOG0000379	OG0000184	n0	QNG12727.1	XP_445394.1	
N1.HOG0000380	OG0000185	n2	QNG15453.1	XP_448288.1	
N1.HOG0000381	OG0000185	n3	QNG12740.1	XP_445407.1	
N1.HOG0000382	OG0000186	n2	QNG14165.1	XP_446832.1	
N1.HOG0000383	OG0000186	n3	QNG12762.1	XP_448791.1	
N1.HOG0000384	OG0000187	n2	QNG12804.1	XP_445459.1	
N1.HOG0000385	OG0000187	n3	QNG14353.1	XP_447012.1	
N1.HOG0000386	OG0000188	n2	QNG15065.1	XP_447904.1	
N1.HOG0000387	OG0000188	n3	QNG12843.1	XP_445496.1	
N1.HOG0000388	OG0000189	n2	QNG13004.1	XP_445653.1	
N1.HOG0000389	OG0000189	n3	QNG12906.1	XP_445557.1	
N1.HOG0000390	OG0000190	n2	QNG12968.1	XP_445618.1	
N1.HOG0000391	OG0000190	n3	QNG16034.1	XP_447340.1	
N1.HOG0000392	OG0000191	n2	QNG16894.1	XP_449534.1	
N1.HOG0000393	OG0000191	n3	QNG13098.1	XP_445747.1	
N1.HOG0000394	OG0000192	n2	QNG16871.1	XP_449511.1	
N1.HOG0000395	OG0000192	n3	QNG13124.1	XP_445774.1	
N1.HOG0000396	OG0000193	n2	QNG13146.1	XP_445795.1	
N1.HOG0000397	OG0000193	n3	QNG15381.1	XP_448220.1	
N1.HOG0000398	OG0000194	n2	QNG13871.1	XP_446533.1	
N1.HOG0000399	OG0000194	n3	QNG13195.1	XP_445846.1	
N1.HOG0000400	OG0000195	n2	QNG14504.1	XP_447160.1	
N1.HOG0000401	OG0000195	n3	QNG13216.1	XP_445868.1	
N1.HOG0000402	OG0000196	n2	QNG16781.1	XP_449422.1	
N1.HOG0000403	OG0000196	n3	QNG13238.1	XP_445890.1	
N1.HOG0000404	OG0000197	n0	QNG13242.1	XP_445894.1	
N1.HOG0000405	OG0000198	n2	QNG13264.1	XP_445918.1	
N1.HOG0000406	OG0000198	n3	QNG13261.1	XP_445913.1	
N1.HOG0000407	OG0000199	n0	QNG13262.1	XP_445916.1, XP_445914.1, XP_445915.1	
N1.HOG0000408	OG0000200	n2	QNG13278.1	XP_445932.1	
N1.HOG0000409	OG0000200	n3	QNG17234.1	XP_449865.1	
N1.HOG0000410	OG0000201	n2	QNG13359.1	XP_446015.1	
N1.HOG0000411	OG0000201	n3	QNG14410.1	XP_447068.1	
N1.HOG0000412	OG0000202	n2	QNG13406.1	XP_446064.1	
N1.HOG0000413	OG0000202	n3	QNG16506.1	XP_449151.1	
N1.HOG0000414	OG0000203	n2	QNG14347.1	XP_447006.1	
N1.HOG0000415	OG0000203	n3	QNG13452.1	XP_446110.1	
N1.HOG0000416	OG0000204	n2	QNG13620.1	XP_446282.1	
N1.HOG0000417	OG0000204	n3	QNG13626.1	XP_446288.1	
N1.HOG0000418	OG0000205	n2	QNG13636.1	XP_446298.1	
N1.HOG0000419	OG0000205	n3	QNG13635.1	XP_446297.1	
N1.HOG0000420	OG0000206	n2	QNG13705.1	XP_446368.1	
N1.HOG0000421	OG0000206	n3	QNG16710.1	XP_449352.1	
N1.HOG0000422	OG0000207	n2	QNG13785.1	XP_446447.1	
N1.HOG0000423	OG0000207	n3	QNG16569.1	XP_449212.1	
N1.HOG0000424	OG0000208	n2	QNG13814.1	XP_446476.1	
N1.HOG0000425	OG0000208	n3	QNG15015.1	XP_447853.1	
N1.HOG0000426	OG0000209	n2	QNG14334.1	XP_446994.1	
N1.HOG0000427	OG0000209	n3	QNG13859.1	XP_446521.1	
N1.HOG0000428	OG0000210	n2	QNG14735.1	XP_447575.1	
N1.HOG0000429	OG0000210	n3	QNG13896.1	XP_446560.1	
N1.HOG0000430	OG0000211	n2	QNG14704.1	XP_447544.1	
N1.HOG0000431	OG0000211	n3	QNG13924.1	XP_446588.1	
N1.HOG0000432	OG0000212	n2	QNG14142.1	XP_446808.1	
N1.HOG0000433	OG0000212	n3	QNG14126.1	XP_446791.1	
N1.HOG0000434	OG0000213	n2	QNG16584.1	XP_449227.1	
N1.HOG0000435	OG0000213	n3	QNG14162.1	XP_446828.1	
N1.HOG0000436	OG0000214	n2	QNG14234.1	XP_446899.1	
N1.HOG0000437	OG0000214	n3	QNG15150.1	XP_447987.1	
N1.HOG0000438	OG0000215	n0	QNG14277.1	XP_446941.1	
N1.HOG0000439	OG0000216	n2	QNG16116.1	XP_447425.1	
N1.HOG0000440	OG0000216	n3	QNG14351.1	XP_447010.1	
N1.HOG0000441	OG0000217	n2	QNG15179.1	XP_448016.1	
N1.HOG0000442	OG0000217	n3	QNG14399.1	XP_447057.1	
N1.HOG0000443	OG0000218	n2	QNG14400.1	XP_447058.1	
N1.HOG0000444	OG0000218	n3	QNG14401.1	XP_447059.1	
N1.HOG0000445	OG0000219	n2	QNG14438.1	XP_447094.1	
N1.HOG0000446	OG0000219	n3	QNG17322.1	XP_449955.1	
N1.HOG0000447	OG0000220	n0	QNG14544.1	XP_447199.1	
N1.HOG0000448	OG0000221	n2	QNG14587.1	XP_447241.1	
N1.HOG0000449	OG0000221	n3	QNG15908.1	XP_448736.1	
N1.HOG0000450	OG0000222	n2	QNG14986.1	XP_447824.1	
N1.HOG0000451	OG0000222	n3	QNG14628.1	XP_448815.1	
N1.HOG0000452	OG0000223	n2	QNG14655.1	XP_447497.1	
N1.HOG0000453	OG0000223	n3	QNG16592.1	XP_449235.1	
N1.HOG0000454	OG0000224	n2	QNG14681.1	XP_447522.1	
N1.HOG0000455	OG0000224	n3	QNG17071.1	XP_449709.1	
N1.HOG0000456	OG0000225	n2	QNG14802.1	XP_447641.1	
N1.HOG0000457	OG0000225	n3	QNG14803.1	XP_447642.1	
N1.HOG0000458	OG0000226	n2	QNG14831.1	XP_447670.1	
N1.HOG0000459	OG0000226	n3	QNG14830.1	XP_447669.1	
N1.HOG0000460	OG0000227	n0	QNG14934.1	XP_447771.1	
N1.HOG0000461	OG0000228	n2	QNG14949.1	XP_447786.1	
N1.HOG0000462	OG0000228	n3	QNG16128.1	XP_447436.1	
N1.HOG0000463	OG0000229	n2	QNG15254.1	XP_448092.1	
N1.HOG0000464	OG0000229	n3	QNG16095.1	XP_447403.1	
N1.HOG0000465	OG0000230	n2	QNG15507.1	XP_448341.1	
N1.HOG0000466	OG0000230	n3	QNG17150.1	XP_449788.1	
N1.HOG0000467	OG0000231	n2	QNG15513.1	XP_448347.1	
N1.HOG0000468	OG0000231	n3	QNG17158.1	XP_449795.1	
N1.HOG0000469	OG0000232	n2	QNG15593.1	XP_448426.1	
N1.HOG0000470	OG0000232	n3	QNG15591.1	XP_448424.1	
N1.HOG0000471	OG0000233	n2	QNG15639.1	XP_448472.1	
N1.HOG0000472	OG0000233	n3	QNG16004.1	XP_447310.1	
N1.HOG0000473	OG0000234	n2	QNG15655.1	XP_448971.1	
N1.HOG0000474	OG0000234	n3	QNG16418.1	XP_448486.1	
N1.HOG0000475	OG0000235	n0	QNG15763.1	XP_448593.1	
N1.HOG0000476	OG0000236	n0	QNG15856.1	XP_448685.1	
N1.HOG0000477	OG0000237	n0	QNG15910.1	XP_448738.1	
N1.HOG0000478	OG0000238	n2	QNG16177.1	XP_448828.1	
N1.HOG0000479	OG0000238	n3	QNG16009.1	XP_447315.1	
N1.HOG0000480	OG0000239	n0	QNG16011.1, QNG16181.1	XP_448832.1, XP_447317.1	
N1.HOG0000481	OG0000240	n2	QNG16262.1	XP_449127.1	
N1.HOG0000482	OG0000240	n3	QNG16830.1	XP_449472.1	
N1.HOG0000483	OG0000241	n2	QNG16686.1	XP_449331.1	
N1.HOG0000484	OG0000241	n3	QNG16440.1	XP_448950.1	
N1.HOG0000485	OG0000242	n2	QNG17279.1	XP_449913.1	
N1.HOG0000486	OG0000242	n3	QNG16684.1	XP_449329.1	
N1.HOG0000487	OG0000243	n0	QNG16727.1	XP_449369.1	
N1.HOG0000488	OG0000244	n0	QNG16889.1	XP_449529.1	
N1.HOG0000489	OG0000245	n0		NP_818779.1	
N1.HOG0000490	OG0000251	n0	QNG12112.1	XP_444782.1	
N1.HOG0000491	OG0000252	n0	QNG12122.1	XP_444792.1	
N1.HOG0000492	OG0000253	n0	QNG12124.1	XP_444794.1	
N1.HOG0000493	OG0000254	n0	QNG12147.1	XP_444815.1	
N1.HOG0000494	OG0000255	n1	QNG12161.1	XP_002999512.1	
N1.HOG0000495	OG0000255	n2	QNG12159.1	XP_002999510.1	
N1.HOG0000496	OG0000256	n0	QNG12167.1	XP_444833.1	
N1.HOG0000497	OG0000257	n0	QNG12172.1	XP_444838.1	
N1.HOG0000498	OG0000258	n0	QNG12188.1	XP_444854.1	
N1.HOG0000499	OG0000259	n0	QNG12212.1	XP_444879.1	
N1.HOG0000500	OG0000260	n0	QNG12242.1	XP_444908.1	
N1.HOG0000501	OG0000261	n0	QNG12244.1	XP_444910.1	
N1.HOG0000502	OG0000262	n0	QNG12248.1	XP_444914.1	
N1.HOG0000503	OG0000263	n0	QNG12249.1	XP_444915.1	
N1.HOG0000504	OG0000264	n0	QNG12293.1	XP_444959.1	
N1.HOG0000505	OG0000265	n0	QNG12298.1	XP_444964.1	
N1.HOG0000506	OG0000266	n0	QNG12327.1	XP_444993.1	
N1.HOG0000507	OG0000267	n0	QNG12328.1	XP_444994.1	
N1.HOG0000508	OG0000268	n0	QNG12329.1	XP_444996.1	
N1.HOG0000509	OG0000269	n0	QNG12339.1	XP_445005.1	
N1.HOG0000510	OG0000270	n0	QNG12351.1	XP_445017.1	
N1.HOG0000511	OG0000271	n0	QNG12355.1	XP_445021.1	
N1.HOG0000512	OG0000272	n0	QNG12356.1	XP_445022.1	
N1.HOG0000513	OG0000273	n0	QNG13053.1, QNG12358.1	XP_445702.1	
N1.HOG0000514	OG0000274	n0	QNG12376.1	XP_445042.1	
N1.HOG0000515	OG0000275	n0	QNG12414.1	XP_445079.1	
N1.HOG0000516	OG0000276	n0	QNG12415.1	XP_445080.1	
N1.HOG0000517	OG0000277	n0	QNG12427.1	XP_445091.1	
N1.HOG0000518	OG0000278	n0	QNG12441.1	XP_445107.1	
N1.HOG0000519	OG0000279	n0	QNG12457.1	XP_445123.1	
N1.HOG0000520	OG0000280	n0	QNG12458.1	XP_445124.1	
N1.HOG0000521	OG0000281	n0	QNG12492.1	XP_445155.1	
N1.HOG0000522	OG0000282	n0	QNG12500.1	XP_445163.1	
N1.HOG0000523	OG0000283	n0	QNG12504.1	XP_445167.1	
N1.HOG0000524	OG0000284	n1	QNG13051.1	XP_445699.1	
N1.HOG0000525	OG0000284	n2	QNG12528.1	XP_445190.1	
N1.HOG0000526	OG0000285	n1	QNG12555.1	XP_445221.1	
N1.HOG0000527	OG0000285	n2	QNG12558.1	XP_445223.1	
N1.HOG0000528	OG0000286	n0	QNG12595.1	XP_002999523.1	
N1.HOG0000529	OG0000287	n0	QNG12635.1	XP_445297.1	
N1.HOG0000530	OG0000288	n0	QNG12649.1	XP_445312.1	
N1.HOG0000531	OG0000289	n0	QNG12666.1	XP_445329.1	
N1.HOG0000532	OG0000290	n0	QNG12766.1	XP_448795.1	
N1.HOG0000533	OG0000291	n0	QNG12770.1	XP_448799.1	
N1.HOG0000534	OG0000292	n0	QNG12785.1	XP_445440.1	
N1.HOG0000535	OG0000293	n0	QNG12813.1	XP_445468.1	
N1.HOG0000536	OG0000294	n0	QNG12817.1	XP_445471.1	
N1.HOG0000537	OG0000295	n0	QNG12846.1	XP_445499.1	
N1.HOG0000538	OG0000296	n0	QNG12872.1	XP_445523.1	
N1.HOG0000539	OG0000297	n0	QNG12921.1	XP_445572.1	
N1.HOG0000540	OG0000298	n0	QNG12957.1	XP_445607.1	
N1.HOG0000541	OG0000299	n0	QNG12964.1	XP_445614.1	
N1.HOG0000542	OG0000300	n0	QNG13017.1	XP_445666.1	
N1.HOG0000543	OG0000301	n0	QNG13022.1	XP_445671.1	
N1.HOG0000544	OG0000302	n0	QNG13039.1	XP_445687.1	
N1.HOG0000545	OG0000303	n0	QNG13045.1	XP_445693.1	
N1.HOG0000546	OG0000304	n0	QNG13093.1	XP_445742.1	
N1.HOG0000547	OG0000305	n0	QNG13110.1	XP_445759.1	
N1.HOG0000548	OG0000306	n0	QNG13112.1	XP_445762.1	
N1.HOG0000549	OG0000307	n0	QNG13126.1	XP_445776.1	
N1.HOG0000550	OG0000308	n0	QNG13127.1	XP_445777.1	
N1.HOG0000551	OG0000309	n0	QNG13130.1	XP_445780.1	
N1.HOG0000552	OG0000310	n0	QNG13206.1	XP_445858.1	
N1.HOG0000553	OG0000311	n0	QNG13207.1	XP_445859.1	
N1.HOG0000554	OG0000312	n0	QNG13213.1	XP_445865.1	
N1.HOG0000555	OG0000313	n0	QNG13251.1	XP_445903.1	
N1.HOG0000556	OG0000314	n0	QNG13271.1	XP_445925.1	
N1.HOG0000557	OG0000315	n0	QNG13272.1	XP_445926.1	
N1.HOG0000558	OG0000316	n0	QNG13291.1	XP_445946.1	
N1.HOG0000559	OG0000317	n0	QNG13297.1	XP_445952.1	
N1.HOG0000560	OG0000318	n0	QNG13302.1	XP_445957.1	
N1.HOG0000561	OG0000319	n1	QNG13321.1	XP_445977.1	
N1.HOG0000562	OG0000319	n2	QNG14727.1	XP_447567.2	
N1.HOG0000563	OG0000320	n0	QNG13376.1	XP_446033.1	
N1.HOG0000564	OG0000321	n0	QNG13387.1	XP_446045.2	
N1.HOG0000565	OG0000322	n0	QNG13399.1	XP_446057.1	
N1.HOG0000566	OG0000323	n0	QNG13408.1	XP_446066.1	
N1.HOG0000567	OG0000324	n0	QNG13416.1	XP_446074.1	
N1.HOG0000568	OG0000325	n0	QNG13440.1	XP_446098.1	
N1.HOG0000569	OG0000326	n0	QNG13492.1	XP_446154.1	
N1.HOG0000570	OG0000327	n0	QNG13502.1	XP_446164.1	
N1.HOG0000571	OG0000328	n0	QNG13516.1	XP_446179.1	
N1.HOG0000572	OG0000329	n0	QNG13518.1	XP_446181.1	
N1.HOG0000573	OG0000330	n0	QNG13529.1	XP_446192.1	
N1.HOG0000574	OG0000331	n0	QNG13542.1	XP_446204.1	
N1.HOG0000575	OG0000332	n0	QNG13564.1	XP_446226.1	
N1.HOG0000576	OG0000333	n0	QNG13567.1	XP_446229.1	
N1.HOG0000577	OG0000334	n0	QNG13570.1	XP_446232.1	
N1.HOG0000578	OG0000335	n0	QNG13576.1	XP_446238.1	
N1.HOG0000579	OG0000336	n0	QNG13607.1	XP_446268.1	
N1.HOG0000580	OG0000337	n0	QNG13632.1	XP_446294.1	
N1.HOG0000581	OG0000338	n0	QNG13644.1	XP_446306.1	
N1.HOG0000582	OG0000339	n0	QNG13697.1	XP_446360.1	
N1.HOG0000583	OG0000340	n0	QNG13730.1	XP_446392.1	
N1.HOG0000584	OG0000341	n0	QNG13737.1	XP_446399.1	
N1.HOG0000585	OG0000342	n0	QNG13746.1	XP_446408.1	
N1.HOG0000586	OG0000343	n0	QNG13759.1	XP_446421.1	
N1.HOG0000587	OG0000344	n0	QNG13778.1	XP_446440.1	
N1.HOG0000588	OG0000345	n0	QNG13791.1	XP_446453.1	
N1.HOG0000589	OG0000346	n0	QNG13807.1	XP_446470.2	
N1.HOG0000590	OG0000347	n0	QNG13808.1	XP_446471.1	
N1.HOG0000591	OG0000348	n0	QNG13824.1	XP_446486.1	
N1.HOG0000592	OG0000349	n0	QNG13839.1	XP_446501.1	
N1.HOG0000593	OG0000350	n0	QNG13843.1	XP_446505.1	
N1.HOG0000594	OG0000351	n0	QNG13857.1	XP_446519.1	
N1.HOG0000595	OG0000352	n0	QNG13861.1	XP_446523.1	
N1.HOG0000596	OG0000353	n0	QNG13877.1	XP_446540.1	
N1.HOG0000597	OG0000354	n0	QNG13885.1	XP_446548.1	
N1.HOG0000598	OG0000355	n0	QNG13908.1	XP_446572.1	
N1.HOG0000599	OG0000356	n0	QNG13932.1	XP_446595.1	
N1.HOG0000600	OG0000357	n0	QNG13934.1	XP_446597.1	
N1.HOG0000601	OG0000358	n0	QNG13940.1	XP_446603.1	
N1.HOG0000602	OG0000359	n0	QNG13957.1	XP_446620.2	
N1.HOG0000603	OG0000360	n0	QNG13964.1	XP_446627.1	
N1.HOG0000604	OG0000361	n0	QNG13967.1	XP_446631.1	
N1.HOG0000605	OG0000362	n0	QNG13979.1	XP_446644.1	
N1.HOG0000606	OG0000363	n0	QNG14000.1	XP_446666.1	
N1.HOG0000607	OG0000364	n0	QNG14007.1	XP_446675.1	
N1.HOG0000608	OG0000365	n0	QNG14008.1	XP_446676.1	
N1.HOG0000609	OG0000366	n0	QNG14015.1	XP_446683.1	
N1.HOG0000610	OG0000367	n0	QNG14051.1	XP_446717.1	
N1.HOG0000611	OG0000368	n0	QNG14053.1	XP_446719.1	
N1.HOG0000612	OG0000369	n0	QNG14070.1	XP_446737.1	
N1.HOG0000613	OG0000370	n0	QNG14091.1	XP_446758.1	
N1.HOG0000614	OG0000371	n0	QNG14117.1	XP_446782.1	
N1.HOG0000615	OG0000372	n0	QNG14206.1	XP_446871.1	
N1.HOG0000616	OG0000373	n0	QNG14241.1	XP_446905.1	
N1.HOG0000617	OG0000374	n0	QNG14248.1	XP_446912.1	
N1.HOG0000618	OG0000375	n0	QNG14251.1	XP_446915.1	
N1.HOG0000619	OG0000376	n0	QNG14256.1	XP_446920.1	
N1.HOG0000620	OG0000377	n0	QNG14265.1	XP_446929.1	
N1.HOG0000621	OG0000378	n0	QNG14269.1	XP_446933.1	
N1.HOG0000622	OG0000379	n0	QNG14304.1	XP_446968.1	
N1.HOG0000623	OG0000380	n0	QNG14314.1	XP_446978.1	
N1.HOG0000624	OG0000381	n0	QNG14348.1	XP_447007.1	
N1.HOG0000625	OG0000382	n0	QNG14380.1	XP_447039.1	
N1.HOG0000626	OG0000383	n0	QNG14381.1	XP_447040.1	
N1.HOG0000627	OG0000384	n0	QNG14396.1	XP_447054.1	
N1.HOG0000628	OG0000385	n0	QNG14464.1	XP_447119.1	
N1.HOG0000629	OG0000386	n0	QNG14495.1	XP_447150.1	
N1.HOG0000630	OG0000387	n0	QNG14523.1	XP_447178.1	
N1.HOG0000631	OG0000388	n0	QNG14534.1	XP_447189.1	
N1.HOG0000632	OG0000389	n0	QNG14536.1	XP_447191.1	
N1.HOG0000633	OG0000390	n0	QNG14609.1	XP_445421.1	
N1.HOG0000634	OG0000391	n0	QNG14610.1	XP_445422.1	
N1.HOG0000635	OG0000392	n0	QNG14633.1	XP_447475.1	
N1.HOG0000636	OG0000393	n0	QNG14646.1	XP_447488.1	
N1.HOG0000637	OG0000394	n0	QNG14651.1	XP_447493.1	
N1.HOG0000638	OG0000395	n0	QNG14677.1	XP_447518.1	
N1.HOG0000639	OG0000396	n0	QNG14698.1	XP_447538.1	
N1.HOG0000640	OG0000397	n0	QNG14732.1	XP_447572.1	
N1.HOG0000641	OG0000398	n0	QNG14746.1	XP_447586.1	
N1.HOG0000642	OG0000399	n0	QNG14796.1	XP_447635.1	
N1.HOG0000643	OG0000400	n0	QNG14817.1	XP_447656.1	
N1.HOG0000644	OG0000401	n0	QNG14820.1	XP_447659.1	
N1.HOG0000645	OG0000402	n0	QNG14849.1	XP_447687.1	
N1.HOG0000646	OG0000403	n0	QNG14852.1	XP_447691.1	
N1.HOG0000647	OG0000404	n0	QNG14857.1	XP_447696.1	
N1.HOG0000648	OG0000405	n0	QNG14864.1	XP_447703.1	
N1.HOG0000649	OG0000406	n0	QNG14872.1	XP_447712.1	
N1.HOG0000650	OG0000407	n0	QNG14881.1	XP_447719.1	
N1.HOG0000651	OG0000408	n0	QNG14889.1	XP_447727.1	
N1.HOG0000652	OG0000409	n0	QNG14906.1	XP_447744.1	
N1.HOG0000653	OG0000410	n0	QNG14911.1	XP_447749.1	
N1.HOG0000654	OG0000411	n0	QNG14936.1	XP_447773.1	
N1.HOG0000655	OG0000412	n0	QNG14942.1	XP_447780.1	
N1.HOG0000656	OG0000413	n1	QNG14945.1	XP_447783.1	
N1.HOG0000657	OG0000413	n2	QNG14947.1	XP_002999568.1	
N1.HOG0000658	OG0000414	n0	QNG14969.1	XP_447807.1	
N1.HOG0000659	OG0000415	n0	QNG14992.1	XP_447830.1	
N1.HOG0000660	OG0000416	n0	QNG15002.1	XP_447841.1	
N1.HOG0000661	OG0000417	n0	QNG15006.1	XP_447845.1	
N1.HOG0000662	OG0000418	n0	QNG15019.1	XP_447857.1	
N1.HOG0000663	OG0000419	n0	QNG15032.1	XP_447871.1	
N1.HOG0000664	OG0000420	n0	QNG15045.1	XP_447884.1	
N1.HOG0000665	OG0000421	n0	QNG15124.1	XP_447963.1	
N1.HOG0000666	OG0000422	n0	QNG15130.1	XP_447969.1	
N1.HOG0000667	OG0000423	n0	QNG15143.1	XP_447981.1	
N1.HOG0000668	OG0000424	n0	QNG15147.1	XP_447984.1	
N1.HOG0000669	OG0000425	n0	QNG15156.1	XP_447993.1	
N1.HOG0000670	OG0000426	n0	QNG15232.1	XP_448068.1	
N1.HOG0000671	OG0000427	n0	QNG15235.1	XP_448072.1	
N1.HOG0000672	OG0000428	n0	QNG15244.1	XP_448081.1	
N1.HOG0000673	OG0000429	n0	QNG15266.1	XP_448104.1	
N1.HOG0000674	OG0000430	n0	QNG15302.1	XP_448140.1	
N1.HOG0000675	OG0000431	n0	QNG15310.1	XP_448148.1	
N1.HOG0000676	OG0000432	n0	QNG15312.1	XP_448150.1	
N1.HOG0000677	OG0000433	n0	QNG15313.1	XP_448152.1	
N1.HOG0000678	OG0000434	n0	QNG15346.1	XP_448185.1	
N1.HOG0000679	OG0000435	n0	QNG15357.1	XP_448196.1	
N1.HOG0000680	OG0000436	n0	QNG15420.1	XP_448255.1	
N1.HOG0000681	OG0000437	n0	QNG15424.1	XP_448259.1	
N1.HOG0000682	OG0000438	n0	QNG15464.1	XP_448299.1	
N1.HOG0000683	OG0000439	n0	QNG15482.1	XP_448317.1	
N1.HOG0000684	OG0000440	n0	QNG15484.1	XP_448319.1	
N1.HOG0000685	OG0000441	n0	QNG15537.1	XP_448371.1	
N1.HOG0000686	OG0000442	n0	QNG15546.1	XP_448379.1	
N1.HOG0000687	OG0000443	n0	QNG15548.1	XP_448381.1	
N1.HOG0000688	OG0000444	n0	QNG15553.1	XP_448386.1	
N1.HOG0000689	OG0000445	n0	QNG15572.1	XP_448405.1	
N1.HOG0000690	OG0000446	n0	QNG15620.1	XP_448454.1	
N1.HOG0000691	OG0000447	n0	QNG15621.1	XP_448455.1	
N1.HOG0000692	OG0000448	n0	QNG15638.1	XP_448471.1	
N1.HOG0000693	OG0000449	n0	QNG15641.1	XP_448474.1	
N1.HOG0000694	OG0000450	n0	QNG15646.1	XP_002999578.1	
N1.HOG0000695	OG0000451	n0	QNG15658.1	XP_448490.1	
N1.HOG0000696	OG0000452	n0	QNG15671.1	XP_448502.1	
N1.HOG0000697	OG0000453	n0	QNG15678.1	XP_448509.1	
N1.HOG0000698	OG0000454	n0	QNG15683.1	XP_448514.1	
N1.HOG0000699	OG0000455	n0	QNG15685.1	XP_448516.1	
N1.HOG0000700	OG0000456	n0	QNG15688.1	XP_448519.1	
N1.HOG0000701	OG0000457	n0	QNG15697.1	XP_448528.1	
N1.HOG0000702	OG0000458	n0	QNG15713.1	XP_448542.1	
N1.HOG0000703	OG0000459	n0	QNG15714.1	XP_448543.1	
N1.HOG0000704	OG0000460	n0	QNG15750.1	XP_448580.1	
N1.HOG0000705	OG0000461	n0	QNG15754.1	XP_448584.1	
N1.HOG0000706	OG0000462	n0	QNG15756.1	XP_448586.1	
N1.HOG0000707	OG0000463	n0	QNG15790.1	XP_448620.1	
N1.HOG0000708	OG0000464	n0	QNG15839.1	XP_448668.1	
N1.HOG0000709	OG0000465	n0	QNG15862.1	XP_002999583.1	
N1.HOG0000710	OG0000466	n0	QNG15875.1	XP_448702.1	
N1.HOG0000711	OG0000467	n0	QNG15887.1	XP_448714.1	
N1.HOG0000712	OG0000468	n0	QNG15898.1	XP_448726.1	
N1.HOG0000713	OG0000469	n0	QNG15973.1	XP_447279.1	
N1.HOG0000714	OG0000470	n0	QNG15980.1	XP_447286.1	
N1.HOG0000715	OG0000471	n0	QNG15982.1	XP_447288.1	
N1.HOG0000716	OG0000472	n0	QNG16010.1	XP_447316.1	
N1.HOG0000717	OG0000473	n0	QNG16040.1	XP_447346.1	
N1.HOG0000718	OG0000474	n0	QNG16077.1	XP_447385.1	
N1.HOG0000719	OG0000475	n0	QNG16112.1	XP_447420.1	
N1.HOG0000720	OG0000476	n0	QNG16131.1	XP_447438.1	
N1.HOG0000721	OG0000477	n0	QNG16140.1	XP_447447.1	
N1.HOG0000722	OG0000478	n0	QNG16143.1	XP_447450.1	
N1.HOG0000723	OG0000479	n0	QNG16165.1	XP_002999558.1	
N1.HOG0000724	OG0000480	n0	QNG16196.1	XP_448847.1	
N1.HOG0000725	OG0000481	n0	QNG16202.1	XP_448851.1	
N1.HOG0000726	OG0000482	n0	QNG16203.1	XP_448852.1	
N1.HOG0000727	OG0000483	n0	QNG16267.1	XP_449123.1	
N1.HOG0000728	OG0000484	n0	QNG16287.1	XP_449103.1	
N1.HOG0000729	OG0000485	n0	QNG16299.1	XP_449091.1	
N1.HOG0000730	OG0000486	n0	QNG16314.1	XP_449076.2	
N1.HOG0000731	OG0000487	n0	QNG16368.1	XP_449021.1	
N1.HOG0000732	OG0000488	n0	QNG16402.1	XP_448986.1	
N1.HOG0000733	OG0000489	n0	QNG16429.1	XP_448961.1	
N1.HOG0000734	OG0000490	n0	QNG16443.1	XP_448947.1	
N1.HOG0000735	OG0000491	n0	QNG16444.1	XP_448946.1	
N1.HOG0000736	OG0000492	n0	QNG16460.1	XP_448930.1	
N1.HOG0000737	OG0000493	n0	QNG16505.1	XP_448885.1	
N1.HOG0000738	OG0000494	n0	QNG16538.1	XP_449183.1	
N1.HOG0000739	OG0000495	n0	QNG16558.1	XP_449204.1	
N1.HOG0000740	OG0000496	n0	QNG16563.1	XP_449207.1	
N1.HOG0000741	OG0000497	n0	QNG16579.1	XP_449222.1	
N1.HOG0000742	OG0000498	n0	QNG16593.1	XP_449236.1	
N1.HOG0000743	OG0000499	n0	QNG16615.1	XP_449258.1	
N1.HOG0000744	OG0000500	n0	QNG16620.1	XP_449263.1	
N1.HOG0000745	OG0000501	n0	QNG16623.1	XP_449266.2	
N1.HOG0000746	OG0000502	n0	QNG16625.1	XP_449268.1	
N1.HOG0000747	OG0000503	n0	QNG16641.1	XP_449284.1	
N1.HOG0000748	OG0000504	n0	QNG16662.1	XP_449305.1	
N1.HOG0000749	OG0000505	n0	QNG16666.1	XP_449309.1	
N1.HOG0000750	OG0000506	n0	QNG16668.1	XP_449313.1	
N1.HOG0000751	OG0000507	n0	QNG16669.1	XP_449314.1	
N1.HOG0000752	OG0000508	n0	QNG16685.1	XP_449330.1	
N1.HOG0000753	OG0000509	n0	QNG16700.1	XP_449345.1	
N1.HOG0000754	OG0000510	n0	QNG16739.1	XP_449381.1	
N1.HOG0000755	OG0000511	n0	QNG16813.1	XP_449454.1	
N1.HOG0000756	OG0000512	n0	QNG16828.1	XP_449470.1	
N1.HOG0000757	OG0000513	n0	QNG16841.1	XP_449483.1	
N1.HOG0000758	OG0000514	n0	QNG16842.1	XP_449484.1	
N1.HOG0000759	OG0000515	n0	QNG16864.1	XP_449504.1	
N1.HOG0000760	OG0000516	n0	QNG16868.1	XP_449508.1	
N1.HOG0000761	OG0000517	n0	QNG16897.1	XP_449537.1	
N1.HOG0000762	OG0000518	n0	QNG16906.1	XP_449546.1	
N1.HOG0000763	OG0000519	n0	QNG16920.1	XP_449559.1	
N1.HOG0000764	OG0000520	n0	QNG16923.1	XP_449562.1	
N1.HOG0000765	OG0000521	n0	QNG16927.1	XP_449566.1	
N1.HOG0000766	OG0000522	n0	QNG16946.1	XP_449585.1	
N1.HOG0000767	OG0000523	n0	QNG16962.1	XP_449600.1	
N1.HOG0000768	OG0000524	n0	QNG16965.1	XP_449603.1	
N1.HOG0000769	OG0000525	n0	QNG16973.1	XP_449611.1	
N1.HOG0000770	OG0000526	n0	QNG16980.1	XP_449618.1	
N1.HOG0000771	OG0000527	n0	QNG16993.1	XP_449631.1	
N1.HOG0000772	OG0000528	n0	QNG17059.1	XP_449697.1	
N1.HOG0000773	OG0000529	n0	QNG17061.1	XP_449699.1	
N1.HOG0000774	OG0000530	n0	QNG17081.1	XP_449719.1	
N1.HOG0000775	OG0000531	n0	QNG17086.1	XP_449724.1	
N1.HOG0000776	OG0000532	n0	QNG17103.1	XP_449741.1	
N1.HOG0000777	OG0000533	n0	QNG17117.1	XP_449755.1	
N1.HOG0000778	OG0000534	n0	QNG17155.1	XP_449792.1	
N1.HOG0000779	OG0000535	n0	QNG17163.1	XP_449800.1	
N1.HOG0000780	OG0000536	n0	QNG17169.1	XP_449806.1	
N1.HOG0000781	OG0000537	n0	QNG17175.1	XP_449812.1	
N1.HOG0000782	OG0000538	n0	QNG17179.1	XP_002999605.1	
N1.HOG0000783	OG0000539	n0	QNG17245.1	XP_449877.1	
N1.HOG0000784	OG0000540	n0	QNG17246.1	XP_449878.1	
N1.HOG0000785	OG0000541	n0	QNG17247.1	XP_449879.1	
N1.HOG0000786	OG0000542	n0	QNG17250.1	XP_449882.1	
N1.HOG0000787	OG0000543	n0	QNG17267.1	XP_449901.1	
N1.HOG0000788	OG0000544	n0	QNG17286.1	XP_449920.1	
N1.HOG0000789	OG0000545	n0	QNG17290.1	XP_449923.1	
N1.HOG0000790	OG0000546	n0		NP_818778.1	
N1.HOG0000791	OG0000608	-	QNG12196.1	XP_444863.1, XP_444862.1	
N1.HOG0000792	OG0000978	-	QNG12712.1	XP_445380.1, XP_445256.2	
N1.HOG0000793	OG0003004	-	QNG15392.1, QNG15393.1	XP_002999575.1	
N1.HOG0000794	OG0003091	-	QNG16929.1, QNG15504.1	XP_449568.1	
N1.HOG0000795	OG0003504	-	QNG16066.1	XP_447374.1, XP_447373.1	
N1.HOG0000796	OG0004264	-	QNG17048.1	XP_449686.1, XP_449685.1	
N1.HOG0000797	OG0004488	-	QNG12109.1	XP_444779.1	
N1.HOG0000798	OG0004489	-	QNG12128.1	XP_444798.1	
N1.HOG0000799	OG0004490	-	QNG12130.1	XP_444800.1	
N1.HOG0000800	OG0004491	-	QNG12131.1	XP_444801.1	
N1.HOG0000801	OG0004492	-	QNG12134.1	XP_444802.1	
N1.HOG0000802	OG0004493	-	QNG12138.1	XP_444806.1	
N1.HOG0000803	OG0004494	-	QNG12144.1	XP_444812.1	
N1.HOG0000804	OG0004495	-	QNG12155.1	XP_002999509.1	
N1.HOG0000805	OG0004496	-	QNG12171.1	XP_444837.1	
N1.HOG0000806	OG0004497	-	QNG12181.1	XP_444847.1	
N1.HOG0000807	OG0004498	-	QNG12182.1	XP_444848.1	
N1.HOG0000808	OG0004499	-	QNG12192.1	XP_444858.1	
N1.HOG0000809	OG0004500	-	QNG12197.1	XP_444864.1	
N1.HOG0000810	OG0004501	-	QNG12199.1	XP_444866.1	
N1.HOG0000811	OG0004502	-	QNG12224.1	XP_444891.1	
N1.HOG0000812	OG0004503	-	QNG12234.1	XP_444900.1	
N1.HOG0000813	OG0004504	-	QNG12250.1	XP_444916.1	
N1.HOG0000814	OG0004505	-	QNG12258.1	XP_444924.1	
N1.HOG0000815	OG0004506	-	QNG12269.1	XP_444935.1	
N1.HOG0000816	OG0004507	-	QNG12283.1	XP_444949.1	
N1.HOG0000817	OG0004508	-	QNG12286.1	XP_444952.1	
N1.HOG0000818	OG0004509	-	QNG12313.1	XP_002999514.1	
N1.HOG0000819	OG0004510	-	QNG12323.1	XP_444989.1	
N1.HOG0000820	OG0004511	-	QNG12330.1	XP_444997.1	
N1.HOG0000821	OG0004512	-	QNG12336.1	XP_445002.1	
N1.HOG0000822	OG0004513	-	QNG12359.1	XP_445026.1	
N1.HOG0000823	OG0004514	-	QNG12373.1	XP_445039.1	
N1.HOG0000824	OG0004515	-	QNG12398.1	XP_445063.1	
N1.HOG0000825	OG0004516	-	QNG12409.1	XP_445074.1	
N1.HOG0000826	OG0004517	-	QNG12420.1	XP_445085.1	
N1.HOG0000827	OG0004518	-	QNG12421.1	XP_445086.1	
N1.HOG0000828	OG0004519	-	QNG12426.1	XP_002999517.1	
N1.HOG0000829	OG0004520	-	QNG12443.1	XP_445109.1	
N1.HOG0000830	OG0004521	-	QNG12445.1	XP_445111.1	
N1.HOG0000831	OG0004522	-	QNG12466.1	XP_445131.1	
N1.HOG0000832	OG0004523	-	QNG12474.1	XP_445138.1	
N1.HOG0000833	OG0004524	-	QNG12475.1	XP_445139.1	
N1.HOG0000834	OG0004525	-	QNG12490.1	XP_445153.1	
N1.HOG0000835	OG0004526	-	QNG12491.1	XP_445154.1	
N1.HOG0000836	OG0004527	-	QNG12501.1	XP_445164.1	
N1.HOG0000837	OG0004528	-	QNG12510.1	XP_445173.1	
N1.HOG0000838	OG0004529	-	QNG12520.1	XP_445183.1	
N1.HOG0000839	OG0004530	-	QNG12545.1	XP_445207.1	
N1.HOG0000840	OG0004531	-	QNG12556.1	XP_445216.1	
N1.HOG0000841	OG0004532	-	QNG12565.1	XP_445230.1	
N1.HOG0000842	OG0004533	-	QNG12582.1	XP_445245.1	
N1.HOG0000843	OG0004534	-	QNG12592.1	XP_445255.2	
N1.HOG0000844	OG0004535	-	QNG12602.1	XP_445265.1	
N1.HOG0000845	OG0004536	-	QNG12614.1	XP_445277.1	
N1.HOG0000846	OG0004537	-	QNG12616.1	XP_445279.1	
N1.HOG0000847	OG0004538	-	QNG12644.1	XP_445307.1	
N1.HOG0000848	OG0004539	-	QNG12657.1	XP_445320.2	
N1.HOG0000849	OG0004540	-	QNG12669.1	XP_445332.1	
N1.HOG0000850	OG0004541	-	QNG12676.1	XP_445339.1	
N1.HOG0000851	OG0004542	-	QNG12681.1	XP_445345.1	
N1.HOG0000852	OG0004543	-	QNG12684.1	XP_445351.1	
N1.HOG0000853	OG0004544	-	QNG12691.1	XP_445359.1	
N1.HOG0000854	OG0004545	-	QNG12698.1	XP_445366.1	
N1.HOG0000855	OG0004546	-	QNG12715.1	XP_445383.1	
N1.HOG0000856	OG0004547	-	QNG12720.1	XP_002999525.1	
N1.HOG0000857	OG0004548	-	QNG12745.1	XP_445412.2	
N1.HOG0000858	OG0004549	-	QNG12769.1	XP_448798.1	
N1.HOG0000859	OG0004550	-	QNG12772.1	XP_445426.1	
N1.HOG0000860	OG0004551	-	QNG12775.1	XP_445430.1	
N1.HOG0000861	OG0004552	-	QNG12788.1	XP_445443.1	
N1.HOG0000862	OG0004553	-	QNG12790.1	XP_445445.1	
N1.HOG0000863	OG0004554	-	QNG12801.1	XP_445455.1	
N1.HOG0000864	OG0004555	-	QNG12812.1	XP_445467.1	
N1.HOG0000865	OG0004556	-	QNG12814.1	XP_445469.1	
N1.HOG0000866	OG0004557	-	QNG12815.1	XP_002999527.1	
N1.HOG0000867	OG0004558	-	QNG12825.1	XP_445479.1	
N1.HOG0000868	OG0004560	-	QNG12855.1	XP_445507.1	
N1.HOG0000869	OG0004561	-	QNG12860.1	XP_445511.1	
N1.HOG0000870	OG0004562	-	QNG12922.1	XP_445573.1	
N1.HOG0000871	OG0004563	-	QNG12932.1	XP_445583.1	
N1.HOG0000872	OG0004564	-	QNG12933.1	XP_445584.1	
N1.HOG0000873	OG0004565	-	QNG12958.1	XP_445608.1	
N1.HOG0000874	OG0004566	-	QNG12973.1	XP_445622.1	
N1.HOG0000875	OG0004567	-	QNG12984.1	XP_445633.1	
N1.HOG0000876	OG0004568	-	QNG13006.1	XP_445655.1	
N1.HOG0000877	OG0004569	-	QNG13029.1	XP_445677.1	
N1.HOG0000878	OG0004570	-	QNG13034.1	XP_445682.1	
N1.HOG0000879	OG0004571	-	QNG13040.1	XP_445688.1	
N1.HOG0000880	OG0004572	-	QNG13041.1	XP_445689.1	
N1.HOG0000881	OG0004573	-	QNG13048.1	XP_445697.1	
N1.HOG0000882	OG0004574	-	QNG13054.1	XP_445703.1	
N1.HOG0000883	OG0004575	-	QNG13096.1	XP_445745.2	
N1.HOG0000884	OG0004576	-	QNG13100.1	XP_445750.2	
N1.HOG0000885	OG0004577	-	QNG13114.1	XP_445764.1	
N1.HOG0000886	OG0004578	-	QNG13115.1	XP_445765.1	
N1.HOG0000887	OG0004579	-	QNG13116.1	XP_445766.1	
N1.HOG0000888	OG0004580	-	QNG13117.1	XP_445767.1	
N1.HOG0000889	OG0004581	-	QNG13118.1	XP_445768.1	
N1.HOG0000890	OG0004582	-	QNG13119.1	XP_445769.1	
N1.HOG0000891	OG0004583	-	QNG13120.1	XP_445770.1	
N1.HOG0000892	OG0004584	-	QNG13121.1	XP_445771.1	
N1.HOG0000893	OG0004585	-	QNG13133.1	XP_445783.1	
N1.HOG0000894	OG0004586	-	QNG13136.1	XP_445786.1	
N1.HOG0000895	OG0004587	-	QNG13138.1	XP_445788.1	
N1.HOG0000896	OG0004588	-	QNG13172.1	XP_445821.1	
N1.HOG0000897	OG0004590	-	QNG13185.1	XP_445836.1	
N1.HOG0000898	OG0004591	-	QNG13188.1	XP_445839.1	
N1.HOG0000899	OG0004592	-	QNG13190.1	XP_445841.1	
N1.HOG0000900	OG0004593	-	QNG13194.1	XP_445845.1	
N1.HOG0000901	OG0004594	-	QNG13218.1	XP_445871.1	
N1.HOG0000902	OG0004595	-	QNG13222.1	XP_445875.1	
N1.HOG0000903	OG0004596	-	QNG13229.1	XP_445882.1	
N1.HOG0000904	OG0004597	-	QNG13233.1	XP_002999537.1	
N1.HOG0000905	OG0004598	-	QNG13234.1	XP_445886.1	
N1.HOG0000906	OG0004599	-	QNG13263.1	XP_445917.1	
N1.HOG0000907	OG0004600	-	QNG13294.1	XP_445949.1	
N1.HOG0000908	OG0004601	-	QNG13299.1	XP_445954.1	
N1.HOG0000909	OG0004602	-	QNG13300.1	XP_445955.1	
N1.HOG0000910	OG0004603	-	QNG13308.1	XP_445963.1	
N1.HOG0000911	OG0004604	-	QNG13313.1	XP_445968.1	
N1.HOG0000912	OG0004605	-	QNG13328.1	XP_445983.1	
N1.HOG0000913	OG0004606	-	QNG13334.1	XP_445989.1	
N1.HOG0000914	OG0004607	-	QNG13346.1	XP_446001.1	
N1.HOG0000915	OG0004608	-	QNG13347.1	XP_446002.1	
N1.HOG0000916	OG0004609	-	QNG13350.1	XP_446005.1	
N1.HOG0000917	OG0004610	-	QNG13353.1	XP_446009.1	
N1.HOG0000918	OG0004611	-	QNG13368.1	XP_446025.1	
N1.HOG0000919	OG0004612	-	QNG13377.1	XP_446035.1	
N1.HOG0000920	OG0004613	-	QNG13378.1	XP_446036.1	
N1.HOG0000921	OG0004614	-	QNG13393.1	XP_446051.1	
N1.HOG0000922	OG0004615	-	QNG13396.1	XP_446054.1	
N1.HOG0000923	OG0004616	-	QNG13404.1	XP_446062.1	
N1.HOG0000924	OG0004617	-	QNG13412.1	XP_446070.1	
N1.HOG0000925	OG0004618	-	QNG13433.1	XP_446091.1	
N1.HOG0000926	OG0004619	-	QNG13469.1	XP_446128.1	
N1.HOG0000927	OG0004620	-	QNG13484.1	XP_446143.1	
N1.HOG0000928	OG0004621	-	QNG13515.1	XP_446178.1	
N1.HOG0000929	OG0004622	-	QNG13532.1	XP_446195.1	
N1.HOG0000930	OG0004623	-	QNG13598.1	XP_446259.1	
N1.HOG0000931	OG0004624	-	QNG13608.1	XP_446269.1	
N1.HOG0000932	OG0004625	-	QNG13611.1	XP_446272.1	
N1.HOG0000933	OG0004626	-	QNG13630.1	XP_446292.1	
N1.HOG0000934	OG0004627	-	QNG13650.1	XP_446312.1	
N1.HOG0000935	OG0004628	-	QNG13658.1	XP_446320.1	
N1.HOG0000936	OG0004629	-	QNG13702.1	XP_446365.1	
N1.HOG0000937	OG0004630	-	QNG13720.1	XP_446382.1	
N1.HOG0000938	OG0004631	-	QNG13723.1	XP_446385.1	
N1.HOG0000939	OG0004632	-	QNG13736.1	XP_446398.1	
N1.HOG0000940	OG0004633	-	QNG13748.1	XP_446410.1	
N1.HOG0000941	OG0004634	-	QNG13751.1	XP_446413.1	
N1.HOG0000942	OG0004635	-	QNG13760.1	XP_446422.1	
N1.HOG0000943	OG0004636	-	QNG13761.1	XP_446423.1	
N1.HOG0000944	OG0004637	-	QNG13767.1	XP_446429.1	
N1.HOG0000945	OG0004638	-	QNG13789.1	XP_446451.1	
N1.HOG0000946	OG0004639	-	QNG13792.1	XP_446454.1	
N1.HOG0000947	OG0004640	-	QNG13793.1	XP_446455.1	
N1.HOG0000948	OG0004641	-	QNG13809.1	XP_446472.1	
N1.HOG0000949	OG0004642	-	QNG13826.1	XP_446488.1	
N1.HOG0000950	OG0004643	-	QNG13840.1	XP_446502.1	
N1.HOG0000951	OG0004644	-	QNG13850.1	XP_446512.1	
N1.HOG0000952	OG0004645	-	QNG13862.1	XP_446524.1	
N1.HOG0000953	OG0004646	-	QNG13865.1	XP_446527.1	
N1.HOG0000954	OG0004647	-	QNG13873.1	XP_446536.1	
N1.HOG0000955	OG0004648	-	QNG13884.1	XP_446547.1	
N1.HOG0000956	OG0004649	-	QNG13904.1	XP_446568.1	
N1.HOG0000957	OG0004650	-	QNG13906.1	XP_446570.1	
N1.HOG0000958	OG0004651	-	QNG13911.1	XP_446575.1	
N1.HOG0000959	OG0004652	-	QNG13921.1	XP_446585.1	
N1.HOG0000960	OG0004653	-	QNG13935.1	XP_446598.1	
N1.HOG0000961	OG0004654	-	QNG13937.1	XP_446600.1	
N1.HOG0000962	OG0004655	-	QNG13938.1	XP_446601.1	
N1.HOG0000963	OG0004656	-	QNG13939.1	XP_446602.1	
N1.HOG0000964	OG0004657	-	QNG13947.1	XP_446610.1	
N1.HOG0000965	OG0004658	-	QNG13949.1	XP_446612.1	
N1.HOG0000966	OG0004659	-	QNG13952.1	XP_446615.1	
N1.HOG0000967	OG0004660	-	QNG13959.1	XP_446622.1	
N1.HOG0000968	OG0004661	-	QNG13962.1	XP_446625.1	
N1.HOG0000969	OG0004662	-	QNG13986.1	XP_446652.1	
N1.HOG0000970	OG0004663	-	QNG13999.1	XP_446665.1	
N1.HOG0000971	OG0004664	-	QNG14023.1	XP_446690.1	
N1.HOG0000972	OG0004665	-	QNG14027.1	XP_446694.1	
N1.HOG0000973	OG0004666	-	QNG14049.1	XP_446715.1	
N1.HOG0000974	OG0004667	-	QNG14067.1	XP_446733.1	
N1.HOG0000975	OG0004668	-	QNG14081.1	XP_446748.1	
N1.HOG0000976	OG0004669	-	QNG14089.1	XP_446756.1	
N1.HOG0000977	OG0004670	-	QNG14090.1	XP_446757.1	
N1.HOG0000978	OG0004671	-	QNG14097.1	XP_446763.1	
N1.HOG0000979	OG0004673	-	QNG14112.1	XP_446777.1	
N1.HOG0000980	OG0004674	-	QNG14113.1	XP_446778.1	
N1.HOG0000981	OG0004675	-	QNG14114.1	XP_446779.1	
N1.HOG0000982	OG0004676	-	QNG14138.1	XP_446803.1	
N1.HOG0000983	OG0004677	-	QNG14144.1	XP_446810.1	
N1.HOG0000984	OG0004678	-	QNG14147.1	XP_446813.1	
N1.HOG0000985	OG0004679	-	QNG14150.1	XP_446816.1	
N1.HOG0000986	OG0004680	-	QNG14163.1	XP_446829.1	
N1.HOG0000987	OG0004681	-	QNG14209.1	XP_446874.1	
N1.HOG0000988	OG0004682	-	QNG14210.1	XP_446875.1	
N1.HOG0000989	OG0004683	-	QNG14223.1	XP_446888.1	
N1.HOG0000990	OG0004684	-	QNG14229.1	XP_446894.1	
N1.HOG0000991	OG0004685	-	QNG14240.1	XP_446904.1	
N1.HOG0000992	OG0004686	-	QNG14243.1	XP_446907.1	
N1.HOG0000993	OG0004687	-	QNG14258.1	XP_446922.1	
N1.HOG0000994	OG0004688	-	QNG14273.1	XP_446937.1	
N1.HOG0000995	OG0004689	-	QNG14278.1	XP_446942.1	
N1.HOG0000996	OG0004690	-	QNG14297.1	XP_446962.1	
N1.HOG0000997	OG0004692	-	QNG14303.1	XP_446967.1	
N1.HOG0000998	OG0004693	-	QNG14305.1	XP_446969.1	
N1.HOG0000999	OG0004694	-	QNG14306.1	XP_446970.1	
N1.HOG0001000	OG0004695	-	QNG14307.1	XP_446971.1	
N1.HOG0001001	OG0004696	-	QNG14311.1	XP_446975.1	
N1.HOG0001002	OG0004697	-	QNG14312.1	XP_446976.1	
N1.HOG0001003	OG0004698	-	QNG14332.1	XP_446992.1	
N1.HOG0001004	OG0004699	-	QNG14365.1	XP_447024.1	
N1.HOG0001005	OG0004701	-	QNG14437.1	XP_447093.1	
N1.HOG0001006	OG0004702	-	QNG14461.1	XP_447116.1	
N1.HOG0001007	OG0004703	-	QNG14522.1	XP_447177.1	
N1.HOG0001008	OG0004704	-	QNG14524.1	XP_447179.1	
N1.HOG0001009	OG0004705	-	QNG14525.1	XP_447180.1	
N1.HOG0001010	OG0004706	-	QNG14535.1	XP_447190.1	
N1.HOG0001011	OG0004707	-	QNG14537.1	XP_447192.1	
N1.HOG0001012	OG0004708	-	QNG14552.1	XP_447207.1	
N1.HOG0001013	OG0004709	-	QNG14556.1	XP_447211.1	
N1.HOG0001014	OG0004710	-	QNG14576.1	XP_447231.1	
N1.HOG0001015	OG0004711	-	QNG14577.1	XP_447232.1	
N1.HOG0001016	OG0004712	-	QNG14578.1	XP_447233.1	
N1.HOG0001017	OG0004713	-	QNG14593.1	XP_447247.1	
N1.HOG0001018	OG0004714	-	QNG14613.1	XP_445425.1	
N1.HOG0001019	OG0004715	-	QNG14622.1	XP_448809.1	
N1.HOG0001020	OG0004716	-	QNG14631.1	XP_448818.1	
N1.HOG0001021	OG0004717	-	QNG14632.1	XP_448819.1	
N1.HOG0001022	OG0004718	-	QNG14663.1	XP_447505.1	
N1.HOG0001023	OG0004719	-	QNG14666.1	XP_002999559.1	
N1.HOG0001024	OG0004720	-	QNG14725.1	XP_447565.1	
N1.HOG0001025	OG0004721	-	QNG14744.1	XP_447584.1	
N1.HOG0001026	OG0004722	-	QNG14752.1	XP_447592.1	
N1.HOG0001027	OG0004723	-	QNG14760.1	XP_447599.1	
N1.HOG0001028	OG0004724	-	QNG14764.1	XP_447603.1	
N1.HOG0001029	OG0004725	-	QNG14776.1	XP_447615.1	
N1.HOG0001030	OG0004726	-	QNG14784.1	XP_447623.1	
N1.HOG0001031	OG0004727	-	QNG14791.1	XP_447630.1	
N1.HOG0001032	OG0004728	-	QNG14807.1	XP_447646.1	
N1.HOG0001033	OG0004729	-	QNG14827.1	XP_447666.1	
N1.HOG0001034	OG0004730	-	QNG14836.1	XP_447675.1	
N1.HOG0001035	OG0004731	-	QNG14868.1	XP_447708.1	
N1.HOG0001036	OG0004732	-	QNG14884.1	XP_447722.1	
N1.HOG0001037	OG0004733	-	QNG14938.1	XP_447775.1	
N1.HOG0001038	OG0004734	-	QNG14956.1	XP_447793.1	
N1.HOG0001039	OG0004735	-	QNG14957.1	XP_447794.1	
N1.HOG0001040	OG0004736	-	QNG14977.1	XP_447814.1	
N1.HOG0001041	OG0004737	-	QNG14978.1	XP_447815.1	
N1.HOG0001042	OG0004738	-	QNG14979.1	XP_447816.1	
N1.HOG0001043	OG0004739	-	QNG14980.1	XP_447818.1	
N1.HOG0001044	OG0004740	-	QNG14981.1	XP_447819.1	
N1.HOG0001045	OG0004741	-	QNG14984.1	XP_447822.1	
N1.HOG0001046	OG0004742	-	QNG14997.1	XP_447835.1	
N1.HOG0001047	OG0004743	-	QNG15014.1	XP_447852.1	
N1.HOG0001048	OG0004744	-	QNG15021.1	XP_447859.1	
N1.HOG0001049	OG0004745	-	QNG15039.1	XP_447878.1	
N1.HOG0001050	OG0004746	-	QNG15070.1	XP_447909.1	
N1.HOG0001051	OG0004747	-	QNG15079.1	XP_447918.1	
N1.HOG0001052	OG0004748	-	QNG15083.1	XP_447922.1	
N1.HOG0001053	OG0004750	-	QNG15100.1	XP_447939.1	
N1.HOG0001054	OG0004751	-	QNG15102.1	XP_447941.1	
N1.HOG0001055	OG0004752	-	QNG15118.1	XP_447957.1	
N1.HOG0001056	OG0004753	-	QNG15119.1	XP_447958.1	
N1.HOG0001057	OG0004754	-	QNG15120.1	XP_447959.1	
N1.HOG0001058	OG0004755	-	QNG15121.1	XP_447960.1	
N1.HOG0001059	OG0004756	-	QNG15123.1	XP_447962.1	
N1.HOG0001060	OG0004757	-	QNG15132.1	XP_002999572.1	
N1.HOG0001061	OG0004758	-	QNG15144.1	XP_447982.1	
N1.HOG0001062	OG0004759	-	QNG15151.1	XP_447988.1	
N1.HOG0001063	OG0004760	-	QNG15157.1	XP_447994.1	
N1.HOG0001064	OG0004761	-	QNG15164.1	XP_448001.1	
N1.HOG0001065	OG0004762	-	QNG15180.1	XP_448017.1	
N1.HOG0001066	OG0004763	-	QNG15186.1	XP_448023.1	
N1.HOG0001067	OG0004764	-	QNG15189.1	XP_448026.1	
N1.HOG0001068	OG0004765	-	QNG15264.1	XP_448102.1	
N1.HOG0001069	OG0004766	-	QNG15274.1	XP_448112.1	
N1.HOG0001070	OG0004767	-	QNG15287.1	XP_448125.1	
N1.HOG0001071	OG0004768	-	QNG15329.1	XP_448168.1	
N1.HOG0001072	OG0004769	-	QNG15331.1	XP_448170.1	
N1.HOG0001073	OG0004770	-	QNG15338.1	XP_448177.1	
N1.HOG0001074	OG0004771	-	QNG15355.1	XP_448194.1	
N1.HOG0001075	OG0004772	-	QNG15368.1	XP_448207.1	
N1.HOG0001076	OG0004773	-	QNG15370.1	XP_448209.1	
N1.HOG0001077	OG0004774	-	QNG15372.1	XP_448211.1	
N1.HOG0001078	OG0004775	-	QNG15378.1	XP_448217.1	
N1.HOG0001079	OG0004776	-	QNG15379.1	XP_448218.1	
N1.HOG0001080	OG0004777	-	QNG15404.1	XP_448239.1	
N1.HOG0001081	OG0004778	-	QNG15406.1	XP_448241.1	
N1.HOG0001082	OG0004779	-	QNG15414.1	XP_448249.1	
N1.HOG0001083	OG0004780	-	QNG15473.1	XP_448308.1	
N1.HOG0001084	OG0004781	-	QNG15478.1	XP_448313.1	
N1.HOG0001085	OG0004782	-	QNG15500.1	XP_448335.1	
N1.HOG0001086	OG0004783	-	QNG15529.1	XP_448363.1	
N1.HOG0001087	OG0004784	-	QNG15532.1	XP_448366.1	
N1.HOG0001088	OG0004785	-	QNG15574.1	XP_448407.1	
N1.HOG0001089	OG0004786	-	QNG15576.1	XP_448409.1	
N1.HOG0001090	OG0004787	-	QNG15586.1	XP_448419.1	
N1.HOG0001091	OG0004788	-	QNG15596.1	XP_448430.1	
N1.HOG0001092	OG0004789	-	QNG15598.1	XP_448431.1	
N1.HOG0001093	OG0004790	-	QNG15619.1	XP_448453.1	
N1.HOG0001094	OG0004792	-	QNG15632.1	XP_448465.1	
N1.HOG0001095	OG0004793	-	QNG15640.1	XP_448473.1	
N1.HOG0001096	OG0004794	-	QNG15656.1	XP_448487.1	
N1.HOG0001097	OG0004795	-	QNG15666.1	XP_448498.1	
N1.HOG0001098	OG0004796	-	QNG15705.1	XP_448535.1	
N1.HOG0001099	OG0004797	-	QNG15706.1	XP_448536.1	
N1.HOG0001100	OG0004798	-	QNG15707.1	XP_448537.1	
N1.HOG0001101	OG0004800	-	QNG15723.1	XP_448553.1	
N1.HOG0001102	OG0004801	-	QNG15725.1	XP_448555.1	
N1.HOG0001103	OG0004802	-	QNG15759.1	XP_448589.1	
N1.HOG0001104	OG0004803	-	QNG15788.1	XP_448618.1	
N1.HOG0001105	OG0004804	-	QNG15796.1	XP_448626.1	
N1.HOG0001106	OG0004805	-	QNG15797.1	XP_448627.1	
N1.HOG0001107	OG0004806	-	QNG15798.1	XP_448628.1	
N1.HOG0001108	OG0004807	-	QNG15815.1	XP_448645.1	
N1.HOG0001109	OG0004808	-	QNG15832.1	XP_448661.1	
N1.HOG0001110	OG0004809	-	QNG15844.1	XP_448673.1	
N1.HOG0001111	OG0004810	-	QNG15849.1	XP_448678.1	
N1.HOG0001112	OG0004811	-	QNG15853.1	XP_448682.1	
N1.HOG0001113	OG0004813	-	QNG15894.1	XP_448722.1	
N1.HOG0001114	OG0004814	-	QNG15906.1	XP_448734.1	
N1.HOG0001115	OG0004815	-	QNG15912.1	XP_448740.1	
N1.HOG0001116	OG0004816	-	QNG15922.1	XP_448750.1	
N1.HOG0001117	OG0004817	-	QNG15949.1	XP_448778.1	
N1.HOG0001118	OG0004818	-	QNG15952.1	XP_448781.1	
N1.HOG0001119	OG0004819	-	QNG15953.1	XP_448782.1	
N1.HOG0001120	OG0004820	-	QNG15957.1	XP_447263.1	
N1.HOG0001121	OG0004821	-	QNG15958.1	XP_447264.1	
N1.HOG0001122	OG0004822	-	QNG15963.1	XP_447269.1	
N1.HOG0001123	OG0004823	-	QNG15964.1	XP_447270.1	
N1.HOG0001124	OG0004824	-	QNG15971.1	XP_447277.1	
N1.HOG0001125	OG0004825	-	QNG15979.1	XP_447285.1	
N1.HOG0001126	OG0004826	-	QNG16022.1	XP_447328.1	
N1.HOG0001127	OG0004827	-	QNG16028.1	XP_447334.1	
N1.HOG0001128	OG0004828	-	QNG16029.1	XP_447335.1	
N1.HOG0001129	OG0004829	-	QNG16035.1	XP_447341.1	
N1.HOG0001130	OG0004830	-	QNG16038.1	XP_447344.1	
N1.HOG0001131	OG0004831	-	QNG16043.1	XP_447349.1	
N1.HOG0001132	OG0004832	-	QNG16059.1	XP_447365.1	
N1.HOG0001133	OG0004833	-	QNG16074.1	XP_447382.1	
N1.HOG0001134	OG0004834	-	QNG16080.1	XP_447388.1	
N1.HOG0001135	OG0004835	-	QNG16090.1	XP_447398.1	
N1.HOG0001136	OG0004836	-	QNG16125.1	XP_447433.1	
N1.HOG0001137	OG0004837	-	QNG16132.1	XP_447439.1	
N1.HOG0001138	OG0004838	-	QNG16164.1	XP_447471.1	
N1.HOG0001139	OG0004839	-	QNG16185.1	XP_448836.1	
N1.HOG0001140	OG0004840	-	QNG16190.1	XP_448841.1	
N1.HOG0001141	OG0004841	-	QNG16227.1	XP_448876.1	
N1.HOG0001142	OG0004842	-	QNG16231.1	XP_448880.1	
N1.HOG0001143	OG0004843	-	QNG16239.1	XP_449148.1	
N1.HOG0001144	OG0004844	-	QNG16243.1	XP_449144.1	
N1.HOG0001145	OG0004845	-	QNG16261.1	XP_449128.1	
N1.HOG0001146	OG0004847	-	QNG16283.1	XP_449108.1	
N1.HOG0001147	OG0004848	-	QNG16284.1	XP_449107.1	
N1.HOG0001148	OG0004849	-	QNG16300.1	XP_449090.1	
N1.HOG0001149	OG0004850	-	QNG16301.1	XP_449089.1	
N1.HOG0001150	OG0004851	-	QNG16315.1	XP_449075.1	
N1.HOG0001151	OG0004852	-	QNG16319.1	XP_449071.1	
N1.HOG0001152	OG0004853	-	QNG16322.1	XP_449068.1	
N1.HOG0001153	OG0004854	-	QNG16323.1	XP_449067.1	
N1.HOG0001154	OG0004855	-	QNG16325.1	XP_449065.1	
N1.HOG0001155	OG0004856	-	QNG16344.1	XP_449046.1	
N1.HOG0001156	OG0004857	-	QNG16351.1	XP_449039.1	
N1.HOG0001157	OG0004858	-	QNG16355.1	XP_449035.1	
N1.HOG0001158	OG0004859	-	QNG16362.1	XP_449028.1	
N1.HOG0001159	OG0004860	-	QNG16363.1	XP_449026.1	
N1.HOG0001160	OG0004861	-	QNG16364.1	XP_449025.1	
N1.HOG0001161	OG0004862	-	QNG16379.1	XP_449011.1	
N1.HOG0001162	OG0004863	-	QNG16388.1	XP_449000.1	
N1.HOG0001163	OG0004864	-	QNG16399.1	XP_448989.1	
N1.HOG0001164	OG0004865	-	QNG16403.1	XP_002999589.1	
N1.HOG0001165	OG0004866	-	QNG16414.1	XP_448975.1	
N1.HOG0001166	OG0004867	-	QNG16423.1	XP_448966.1	
N1.HOG0001167	OG0004868	-	QNG16447.1	XP_448943.1	
N1.HOG0001168	OG0004869	-	QNG16478.1	XP_448911.1	
N1.HOG0001169	OG0004870	-	QNG16488.1	XP_448901.1	
N1.HOG0001170	OG0004871	-	QNG16489.1	XP_448900.1	
N1.HOG0001171	OG0004872	-	QNG16530.1	XP_449175.1	
N1.HOG0001172	OG0004873	-	QNG16533.1	XP_449178.1	
N1.HOG0001173	OG0004874	-	QNG16555.1	XP_449200.1	
N1.HOG0001174	OG0004876	-	QNG16646.1	XP_449289.1	
N1.HOG0001175	OG0004877	-	QNG16661.1	XP_449304.1	
N1.HOG0001176	OG0004878	-	QNG16701.1	XP_449346.1	
N1.HOG0001177	OG0004879	-	QNG16709.1	XP_449351.1	
N1.HOG0001178	OG0004880	-	QNG16716.1	XP_449358.1	
N1.HOG0001179	OG0004881	-	QNG16729.1	XP_449371.1	
N1.HOG0001180	OG0004882	-	QNG16734.1	XP_449376.1	
N1.HOG0001181	OG0004883	-	QNG16737.1	XP_449379.1	
N1.HOG0001182	OG0004884	-	QNG16738.1	XP_449380.1	
N1.HOG0001183	OG0004885	-	QNG16778.1	XP_449419.1	
N1.HOG0001184	OG0004886	-	QNG16785.1	XP_449426.1	
N1.HOG0001185	OG0004887	-	QNG16787.1	XP_449428.1	
N1.HOG0001186	OG0004888	-	QNG16806.1	XP_449447.1	
N1.HOG0001187	OG0004889	-	QNG16815.1	XP_449457.1	
N1.HOG0001188	OG0004890	-	QNG16816.1	XP_449458.1	
N1.HOG0001189	OG0004891	-	QNG16831.1	XP_449473.1	
N1.HOG0001190	OG0004892	-	QNG16856.1	XP_449496.1	
N1.HOG0001191	OG0004893	-	QNG16870.1	XP_449510.1	
N1.HOG0001192	OG0004894	-	QNG16905.1	XP_449545.1	
N1.HOG0001193	OG0004895	-	QNG16919.1	XP_449558.1	
N1.HOG0001194	OG0004896	-	QNG16930.1	XP_449569.1	
N1.HOG0001195	OG0004897	-	QNG16942.1	XP_449581.1	
N1.HOG0001196	OG0004898	-	QNG16960.1	XP_449598.1	
N1.HOG0001197	OG0004899	-	QNG16961.1	XP_449599.1	
N1.HOG0001198	OG0004900	-	QNG16976.1	XP_449614.1	
N1.HOG0001199	OG0004901	-	QNG16984.1	XP_449622.1	
N1.HOG0001200	OG0004902	-	QNG16985.1	XP_449623.1	
N1.HOG0001201	OG0004903	-	QNG17012.1	XP_449650.1	
N1.HOG0001202	OG0004904	-	QNG17030.1	XP_449667.1	
N1.HOG0001203	OG0004905	-	QNG17032.1	XP_449669.1	
N1.HOG0001204	OG0004906	-	QNG17043.1	XP_449680.1	
N1.HOG0001205	OG0004907	-	QNG17058.1	XP_449696.1	
N1.HOG0001206	OG0004908	-	QNG17060.1	XP_449698.1	
N1.HOG0001207	OG0004909	-	QNG17077.1	XP_449715.1	
N1.HOG0001208	OG0004910	-	QNG17080.1	XP_449718.1	
N1.HOG0001209	OG0004911	-	QNG17090.1	XP_449728.1	
N1.HOG0001210	OG0004912	-	QNG17129.1	XP_449767.1	
N1.HOG0001211	OG0004913	-	QNG17146.1	XP_449784.1	
N1.HOG0001212	OG0004914	-	QNG17147.1	XP_449785.1	
N1.HOG0001213	OG0004915	-	QNG17162.1	XP_449799.1	
N1.HOG0001214	OG0004916	-	QNG17184.1	XP_449820.1	
N1.HOG0001215	OG0004917	-	QNG17186.1	XP_449821.1	
N1.HOG0001216	OG0004918	-	QNG17187.1	XP_449822.1	
N1.HOG0001217	OG0004919	-	QNG17188.1	XP_449823.1	
N1.HOG0001218	OG0004921	-	QNG17225.1	XP_449857.1	
N1.HOG0001219	OG0004922	-	QNG17227.1	XP_449859.1	
N1.HOG0001220	OG0004923	-	QNG17235.1	XP_449866.1	
N1.HOG0001221	OG0004924	-	QNG17236.1	XP_449868.1	
N1.HOG0001222	OG0004925	-	QNG17248.1	XP_449880.1	
N1.HOG0001223	OG0004926	-	QNG17254.1	XP_449888.1	
N1.HOG0001224	OG0004927	-	QNG17265.1	XP_449899.1	
N1.HOG0001225	OG0004928	-	QNG17272.1	XP_449906.1	
N1.HOG0001226	OG0004929	-	QNG17280.1	XP_449914.1	
N1.HOG0001227	OG0004930	-	QNG17283.1	XP_449917.1	
N1.HOG0001228	OG0004931	-	QNG17323.1	XP_449956.1	
N1.HOG0001229	OG0004932	-	QNG17324.1	XP_449957.1	
